Date,Team,Matchup,Result,Start Elo,Win Prob,Elo Change,New Elo
2026-01-04,WAS,WAS vs. MIN,L,1384.7,24.5%,-4.9,1379.8
2026-01-04,DET,DET @ CLE,W,1627.9,59.1%,+8.18,1636.0
2026-01-04,NOP,NOP @ MIA,L,1298.3,20.3%,-4.06,1294.2
2026-01-04,MIL,MIL @ SAC,W,1408.6,64.2%,+7.17,1415.8
2026-01-04,MIA,MIA vs. NOP,W,1542.8,80.9%,+3.81,1546.6
2026-01-04,MEM,MEM @ LAL,L,1473.4,47.5%,-9.49,1463.9
2026-01-04,LAL,LAL vs. MEM,W,1500.1,55.1%,+8.97,1509.1
2026-01-04,OKC,OKC @ PHX,L,1808.6,77.0%,-15.4,1793.2
2026-01-04,IND,IND @ ORL,L,1206.7,16.1%,-3.22,1203.5
2026-01-04,MIN,MIN @ WAS,W,1568.3,72.9%,+5.42,1573.7
2026-01-04,ORL,ORL vs. IND,W,1496.8,84.4%,+3.12,1499.9
2026-01-04,DEN,DEN @ BKN,L,1560.0,68.6%,-13.73,1546.2
2026-01-04,PHX,PHX vs. OKC,W,1611.5,25.7%,+14.85,1626.4
2026-01-04,CLE,CLE vs. DET,L,1557.8,39.2%,-7.84,1550.0
2026-01-04,BKN,BKN vs. DEN,W,1402.6,26.3%,+14.73,1417.3
2026-01-04,SAC,SAC vs. MIL,L,1295.3,32.7%,-6.54,1288.8
2026-01-03,GSW,GSW vs. UTA,W,1565.5,66.4%,+6.72,1572.2
2026-01-03,DAL,DAL vs. HOU,W,1410.5,21.3%,+15.74,1426.2
2026-01-03,HOU,HOU @ DAL,L,1658.0,82.4%,-16.47,1641.5
2026-01-03,UTA,UTA @ GSW,L,1455.2,35.7%,-7.14,1448.0
2026-01-03,LAC,LAC vs. BOS,L,1613.1,48.6%,-9.72,1603.4
2026-01-03,TOR,TOR vs. ATL,W,1471.1,51.7%,+9.65,1480.8
2026-01-03,MIA,MIA vs. MIN,L,1566.1,54.0%,-10.8,1555.3
2026-01-03,ATL,ATL @ TOR,L,1479.3,54.1%,-10.82,1468.5
2026-01-03,CHI,CHI vs. CHA,L,1408.2,48.7%,-9.74,1398.4
2026-01-03,CHA,CHA @ CHI,W,1400.5,46.5%,+10.7,1411.2
2026-01-03,MIN,MIN @ MIA,W,1555.6,51.0%,+9.8,1565.4
2026-01-03,BOS,BOS @ LAC,W,1656.2,60.8%,+7.84,1664.0
2026-01-03,PHI,PHI @ NYK,W,1493.9,37.2%,+12.56,1506.5
2026-01-03,SAS,SAS vs. POR,L,1637.8,72.7%,-14.54,1623.3
2026-01-03,NYK,NYK vs. PHI,L,1566.4,57.7%,-11.54,1554.9
2026-01-03,POR,POR @ SAS,W,1451.7,23.8%,+15.24,1466.9
2026-01-02,DEN,DEN @ CLE,L,1599.9,57.8%,-11.56,1588.3
2026-01-02,PHX,PHX vs. SAC,W,1586.3,82.3%,+3.55,1589.8
2026-01-02,GSW,GSW vs. OKC,L,1587.3,24.9%,-4.99,1582.3
2026-01-02,NOP,NOP vs. POR,L,1309.9,32.1%,-6.42,1303.5
2026-01-02,ORL,ORL @ CHI,L,1521.3,67.1%,-13.42,1507.9
2026-01-02,IND,IND vs. SAS,L,1208.7,7.2%,-1.45,1207.3
2026-01-02,POR,POR @ NOP,W,1430.3,65.4%,+6.92,1437.2
2026-01-02,CLE,CLE vs. DEN,W,1556.0,45.2%,+10.95,1567.0
2026-01-02,OKC,OKC @ GSW,W,1797.2,78.8%,+4.24,1801.5
2026-01-02,BKN,BKN @ WAS,L,1427.5,58.0%,-11.59,1415.9
2026-01-02,LAL,LAL vs. MEM,W,1471.3,46.9%,+10.63,1481.9
2026-01-02,MEM,MEM @ LAL,L,1484.0,50.5%,-10.1,1473.9
2026-01-02,SAC,SAC @ PHX,L,1314.4,16.9%,-3.37,1311.1
2026-01-02,NYK,NYK vs. ATL,L,1639.4,77.4%,-15.49,1623.9
2026-01-02,CHI,CHI vs. ORL,W,1413.1,37.0%,+12.6,1425.7
2026-01-02,ATL,ATL @ NYK,W,1455.9,29.4%,+14.13,1470.0
2026-01-02,SAS,SAS @ IND,W,1650.4,92.7%,+1.47,1651.9
2026-01-02,WAS,WAS vs. BKN,W,1347.7,35.5%,+12.9,1360.6
2026-01-02,MIL,MIL vs. CHA,W,1399.3,48.5%,+10.3,1409.6
2026-01-02,CHA,CHA @ MIL,L,1405.6,50.3%,-10.06,1395.6
2026-01-01,BKN,BKN vs. HOU,L,1477.6,29.2%,-5.83,1471.8
2026-01-01,UTA,UTA @ LAC,L,1473.7,33.3%,-6.66,1467.1
2026-01-01,DAL,DAL vs. PHI,L,1420.4,43.8%,-8.76,1411.6
2026-01-01,PHI,PHI @ DAL,W,1481.6,61.2%,+7.76,1489.4
2026-01-01,MIA,MIA @ DET,W,1553.2,37.6%,+12.47,1565.6
2026-01-01,HOU,HOU @ BKN,W,1647.7,74.5%,+5.11,1652.8
2026-01-01,LAC,LAC vs. UTA,W,1605.7,69.5%,+6.1,1611.8
2026-01-01,BOS,BOS @ SAC,W,1612.9,83.6%,+3.28,1616.2
2026-01-01,DET,DET vs. MIA,L,1657.5,66.8%,-13.35,1644.2
2026-01-01,SAC,SAC vs. BOS,L,1325.4,15.7%,-3.14,1322.3
2025-12-31,PHX,PHX @ CLE,L,1609.9,62.4%,-12.48,1597.4
2025-12-31,SAS,SAS vs. NYK,W,1645.7,50.2%,+9.95,1655.6
2025-12-31,CHA,CHA vs. GSW,L,1422.1,29.3%,-5.87,1416.3
2025-12-31,MIN,MIN @ ATL,L,1580.0,75.6%,-15.13,1564.9
2025-12-31,MIL,MIL vs. WAS,L,1406.9,59.5%,-11.9,1395.0
2025-12-31,CHI,CHI vs. NOP,W,1386.5,58.0%,+8.4,1394.9
2025-12-31,NYK,NYK @ SAS,L,1650.4,51.6%,-10.32,1640.1
2025-12-31,OKC,OKC vs. POR,W,1769.7,87.0%,+2.6,1772.3
2025-12-31,CLE,CLE vs. PHX,W,1499.3,31.7%,+13.66,1512.9
2025-12-31,ORL,ORL @ IND,W,1517.9,85.2%,+2.96,1520.9
2025-12-31,POR,POR @ OKC,L,1435.6,12.5%,-2.5,1433.1
2025-12-31,IND,IND vs. ORL,L,1212.1,14.6%,-2.91,1209.2
2025-12-31,GSW,GSW @ CHA,W,1582.2,72.4%,+5.53,1587.7
2025-12-31,DEN,DEN @ TOR,W,1590.7,68.0%,+6.41,1597.1
2025-12-31,NOP,NOP @ CHI,L,1346.6,46.6%,-9.32,1337.3
2025-12-31,TOR,TOR vs. DEN,L,1456.0,31.0%,-6.2,1449.8
2025-12-31,ATL,ATL vs. MIN,W,1338.5,16.1%,+16.77,1355.3
2025-12-31,WAS,WAS @ MIL,W,1333.5,38.7%,+12.26,1345.8
2025-12-30,SAC,SAC @ LAC,L,1350.3,21.6%,-4.33,1346.0
2025-12-30,DET,DET @ LAL,W,1630.1,68.0%,+6.39,1636.5
2025-12-30,LAL,LAL vs. DET,L,1486.1,28.9%,-5.77,1480.3
2025-12-30,LAC,LAC vs. SAC,W,1586.6,80.7%,+3.85,1590.4
2025-12-30,UTA,UTA vs. BOS,L,1484.1,33.6%,-6.72,1477.3
2025-12-30,BOS,BOS @ UTA,W,1594.0,64.2%,+7.16,1601.1
2025-12-30,MEM,MEM vs. PHI,L,1511.8,59.5%,-11.9,1499.9
2025-12-30,PHI,PHI @ MEM,W,1455.6,43.5%,+11.31,1466.9
2025-12-29,CHA,CHA vs. MIL,L,1457.1,61.1%,-12.22,1444.9
2025-12-29,TOR,TOR vs. ORL,W,1448.1,38.5%,+12.31,1460.4
2025-12-29,CLE,CLE @ SAS,W,1439.2,18.3%,+16.35,1455.6
2025-12-29,MIN,MIN @ CHI,W,1614.0,79.3%,+4.15,1618.1
2025-12-29,PHX,PHX @ WAS,W,1628.3,84.2%,+3.16,1631.4
2025-12-29,NYK,NYK @ NOP,W,1648.2,84.9%,+3.03,1651.3
2025-12-29,SAS,SAS vs. CLE,L,1669.4,76.0%,-15.2,1654.2
2025-12-29,HOU,HOU vs. IND,W,1630.8,91.7%,+1.67,1632.5
2025-12-29,POR,POR vs. DAL,W,1426.9,49.1%,+10.17,1437.1
2025-12-29,GSW,GSW @ BKN,W,1547.0,55.9%,+8.81,1555.8
2025-12-29,ATL,ATL @ OKC,L,1341.3,7.9%,-1.59,1339.7
2025-12-29,MIL,MIL @ CHA,W,1398.7,44.5%,+11.1,1409.8
2025-12-29,NOP,NOP vs. NYK,L,1351.8,15.6%,-3.12,1348.7
2025-12-29,DAL,DAL @ POR,L,1427.2,49.2%,-9.85,1417.4
2025-12-29,BKN,BKN vs. GSW,L,1492.5,40.4%,-8.08,1484.4
2025-12-29,MIA,MIA vs. DEN,W,1508.8,34.7%,+13.06,1521.8
2025-12-29,WAS,WAS vs. PHX,L,1343.7,16.8%,-3.35,1340.3
2025-12-29,DEN,DEN @ MIA,L,1659.8,75.2%,-15.03,1644.7
2025-12-29,ORL,ORL @ TOR,L,1524.3,60.0%,-12.01,1512.3
2025-12-29,IND,IND @ HOU,L,1215.8,8.5%,-1.69,1214.1
2025-12-29,CHI,CHI vs. MIN,L,1398.2,24.2%,-4.83,1393.4
2025-12-29,OKC,OKC vs. ATL,W,1768.5,92.2%,+1.56,1770.1
2025-12-28,POR,POR vs. BOS,W,1412.0,24.4%,+15.13,1427.1
2025-12-28,LAL,LAL vs. SAC,W,1488.5,67.6%,+6.47,1495.0
2025-12-28,DET,DET @ LAC,L,1670.8,68.8%,-13.77,1657.1
2025-12-28,WAS,WAS vs. MEM,W,1316.4,21.7%,+15.65,1332.1
2025-12-28,OKC,OKC vs. PHI,W,1763.1,85.9%,+2.82,1765.9
2025-12-28,GSW,GSW @ TOR,L,1572.7,70.4%,-14.08,1558.6
2025-12-28,MEM,MEM @ WAS,L,1526.0,75.6%,-15.12,1510.9
2025-12-28,BOS,BOS @ POR,L,1627.8,79.4%,-15.89,1611.9
2025-12-28,TOR,TOR vs. GSW,W,1397.3,24.0%,+15.2,1412.5
2025-12-28,LAC,LAC vs. DET,W,1556.9,37.3%,+12.54,1569.4
2025-12-28,SAC,SAC @ LAL,L,1376.3,36.5%,-7.29,1369.0
2025-12-28,PHI,PHI @ OKC,L,1454.7,14.9%,-2.98,1451.7
2025-12-27,PHX,PHX @ NOP,W,1613.4,81.1%,+3.79,1617.2
2025-12-27,BKN,BKN @ MIN,W,1438.8,21.5%,+15.7,1454.5
2025-12-27,ORL,ORL vs. DEN,W,1514.8,28.5%,+14.31,1529.1
2025-12-27,MIN,MIN vs. BKN,L,1630.0,71.2%,-14.25,1615.7
2025-12-27,CLE,CLE @ HOU,L,1447.9,27.0%,-5.4,1442.5
2025-12-27,ATL,ATL vs. NYK,L,1343.7,15.2%,-3.03,1340.6
2025-12-27,IND,IND @ MIA,L,1224.3,20.6%,-4.12,1220.2
2025-12-27,CHI,CHI vs. MIL,L,1415.9,57.8%,-11.57,1404.3
2025-12-27,MIA,MIA vs. IND,W,1452.2,78.1%,+4.37,1456.6
2025-12-27,MIL,MIL @ CHI,W,1344.6,37.6%,+12.47,1357.1
2025-12-27,NOP,NOP vs. PHX,L,1356.9,18.3%,-3.65,1353.2
2025-12-27,DAL,DAL @ SAC,L,1456.8,64.6%,-12.92,1443.9
2025-12-27,HOU,HOU vs. CLE,W,1613.9,71.4%,+5.71,1619.7
2025-12-27,SAS,SAS vs. UTA,L,1736.4,83.4%,-16.68,1719.7
2025-12-27,NYK,NYK @ ATL,W,1641.1,84.6%,+3.08,1644.2
2025-12-27,DEN,DEN @ ORL,L,1667.8,69.8%,-13.97,1653.8
2025-12-27,UTA,UTA @ SAS,W,1417.8,11.4%,+17.72,1435.5
2025-12-27,SAC,SAC vs. DAL,W,1366.0,39.1%,+12.18,1378.2
2025-12-26,MIL,MIL @ MEM,L,1354.6,26.8%,-5.36,1349.2
2025-12-26,PHI,PHI @ CHI,L,1467.1,56.8%,-11.35,1455.7
2025-12-26,WAS,WAS vs. TOR,W,1248.2,22.2%,+15.55,1263.8
2025-12-26,TOR,TOR @ WAS,L,1431.1,70.1%,-14.03,1417.0
2025-12-26,ATL,ATL vs. MIA,L,1361.3,39.4%,-7.87,1353.4
2025-12-26,CHI,CHI vs. PHI,W,1409.0,40.2%,+11.96,1420.9
2025-12-26,BOS,BOS @ IND,W,1620.9,90.1%,+1.99,1622.9
2025-12-26,UTA,UTA vs. DET,W,1392.8,14.9%,+17.02,1409.8
2025-12-26,MIA,MIA @ ATL,W,1422.3,56.7%,+8.66,1430.9
2025-12-26,DET,DET @ UTA,L,1683.8,83.3%,-16.66,1667.1
2025-12-26,MEM,MEM vs. MIL,W,1521.1,71.4%,+5.73,1526.9
2025-12-26,ORL,ORL vs. CHA,L,1571.2,72.7%,-14.55,1556.6
2025-12-26,IND,IND vs. BOS,L,1234.9,9.6%,-1.93,1233.0
2025-12-26,CHA,CHA @ ORL,W,1433.3,35.3%,+12.94,1446.3
2025-12-26,NOP,NOP vs. PHX,L,1369.0,20.4%,-4.09,1364.9
2025-12-26,LAC,LAC @ POR,W,1522.4,66.4%,+6.72,1529.1
2025-12-26,PHX,PHX @ NOP,W,1609.9,80.5%,+3.91,1613.8
2025-12-26,POR,POR vs. LAC,L,1419.8,37.8%,-7.55,1412.2
2025-12-25,OKC,OKC vs. SAS,L,1800.9,59.9%,-11.99,1788.9
2025-12-25,SAS,SAS @ OKC,W,1756.3,47.3%,+10.55,1766.9
2025-12-25,DEN,DEN vs. MIN,W,1668.5,49.8%,+10.04,1678.5
2025-12-25,HOU,HOU @ LAL,W,1599.7,65.7%,+6.87,1606.6
2025-12-25,LAL,LAL vs. HOU,L,1508.8,40.2%,-8.04,1500.8
2025-12-25,NYK,NYK vs. CLE,W,1636.2,73.4%,+5.31,1641.6
2025-12-25,GSW,GSW vs. DAL,W,1592.1,67.8%,+6.43,1598.5
2025-12-25,MIN,MIN @ DEN,L,1678.3,52.6%,-10.53,1667.8
2025-12-25,CLE,CLE @ NYK,L,1457.5,26.1%,-5.22,1452.3
2025-12-25,DAL,DAL @ GSW,L,1470.6,34.2%,-6.85,1463.8
2025-12-23,DEN,DEN @ DAL,L,1669.4,76.8%,-15.36,1654.0
2025-12-23,TOR,TOR @ MIA,W,1444.5,50.2%,+9.97,1454.4
2025-12-23,DET,DET @ SAC,W,1693.4,87.5%,+2.49,1695.9
2025-12-23,IND,IND vs. MIL,L,1268.0,40.8%,-8.17,1259.8
2025-12-23,MEM,MEM @ UTA,W,1502.6,62.8%,+7.43,1510.0
2025-12-23,CLE,CLE vs. NOP,W,1424.9,53.1%,+9.39,1434.3
2025-12-23,LAC,LAC vs. HOU,W,1481.2,33.1%,+13.38,1494.5
2025-12-23,UTA,UTA vs. MEM,L,1402.9,34.9%,-6.98,1395.9
2025-12-23,BKN,BKN @ PHI,W,1405.4,35.2%,+12.96,1418.3
2025-12-23,POR,POR vs. ORL,L,1430.1,32.0%,-6.4,1423.7
2025-12-23,HOU,HOU @ LAC,L,1639.9,75.5%,-15.1,1624.8
2025-12-23,DAL,DAL vs. DEN,W,1452.9,21.5%,+15.7,1468.6
2025-12-23,LAL,LAL @ PHX,L,1543.5,46.1%,-9.23,1534.3
2025-12-23,MIA,MIA vs. TOR,L,1474.7,58.8%,-11.75,1463.0
2025-12-23,MIN,MIN vs. NYK,W,1654.2,49.1%,+10.18,1664.4
2025-12-23,SAS,SAS vs. OKC,W,1705.6,33.3%,+13.34,1718.9
2025-12-23,SAC,SAC vs. DET,L,1358.3,12.9%,-2.58,1355.7
2025-12-23,CHA,CHA vs. WAS,W,1393.0,68.8%,+6.25,1399.3
2025-12-23,NOP,NOP @ CLE,L,1387.4,42.3%,-8.46,1378.9
2025-12-23,CHI,CHI @ ATL,W,1393.9,50.5%,+9.9,1403.8
2025-12-23,ATL,ATL vs. CHI,L,1383.5,47.5%,-9.5,1374.0
2025-12-23,MIL,MIL @ IND,W,1350.4,64.1%,+7.19,1357.5
2025-12-23,WAS,WAS @ CHA,L,1267.4,34.1%,-6.83,1260.5
2025-12-23,ORL,ORL @ POR,W,1566.8,69.5%,+6.11,1573.0
2025-12-23,NYK,NYK @ MIN,L,1649.2,47.7%,-9.53,1639.7
2025-12-23,OKC,OKC @ SAS,L,1862.6,75.3%,-15.06,1847.5
2025-12-23,PHI,PHI vs. BKN,L,1495.3,60.5%,-12.09,1483.2
2025-12-23,PHX,PHX vs. LAL,W,1591.4,59.8%,+8.04,1599.5
2025-12-22,NOP,NOP vs. DAL,W,1380.3,36.5%,+12.7,1393.0
2025-12-22,GSW,GSW vs. ORL,W,1565.0,47.9%,+10.43,1575.4
2025-12-22,BOS,BOS vs. IND,W,1617.3,88.0%,+2.41,1619.7
2025-12-22,CLE,CLE vs. CHA,W,1417.6,54.1%,+9.18,1426.8
2025-12-22,CHA,CHA @ CLE,L,1399.1,48.8%,-9.76,1389.4
2025-12-22,DAL,DAL @ NOP,L,1465.4,60.5%,-12.1,1453.3
2025-12-22,UTA,UTA @ DEN,L,1423.9,20.0%,-3.99,1419.9
2025-12-22,IND,IND @ BOS,L,1270.1,11.8%,-2.37,1267.7
2025-12-22,ORL,ORL @ GSW,L,1608.8,60.3%,-12.06,1596.7
2025-12-22,DET,DET @ POR,W,1681.2,80.1%,+3.97,1685.2
2025-12-22,POR,POR vs. DET,L,1435.0,19.2%,-3.83,1431.2
2025-12-22,DEN,DEN vs. UTA,W,1672.7,81.4%,+3.72,1676.5
2025-12-22,MEM,MEM @ OKC,L,1508.1,11.8%,-2.36,1505.7
2025-12-22,OKC,OKC vs. MEM,W,1860.3,88.6%,+2.29,1862.6
2025-12-21,SAC,SAC vs. HOU,W,1348.2,15.0%,+17.0,1365.2
2025-12-21,SAS,SAS @ WAS,W,1664.4,90.5%,+1.89,1666.3
2025-12-21,NYK,NYK vs. MIA,W,1656.8,73.6%,+5.27,1662.1
2025-12-21,WAS,WAS vs. SAS,L,1270.1,9.3%,-1.85,1268.2
2025-12-21,BKN,BKN vs. TOR,W,1367.2,38.1%,+12.38,1379.5
2025-12-21,MIL,MIL @ MIN,L,1333.9,13.8%,-2.75,1331.1
2025-12-21,TOR,TOR @ BKN,L,1433.0,56.8%,-11.36,1421.6
2025-12-21,MIA,MIA @ NYK,L,1483.4,27.5%,-5.5,1477.9
2025-12-21,ATL,ATL vs. CHI,L,1404.7,53.6%,-10.72,1393.9
2025-12-21,CHI,CHI @ ATL,W,1387.7,48.7%,+10.26,1398.0
2025-12-21,MIN,MIN vs. MIL,W,1651.6,86.1%,+2.78,1654.4
2025-12-21,HOU,HOU @ SAC,L,1661.7,86.7%,-17.34,1644.4
2025-12-20,GSW,GSW vs. PHX,W,1529.4,43.2%,+11.36,1540.7
2025-12-20,SAC,SAC vs. POR,L,1344.3,37.8%,-7.56,1336.8
2025-12-20,BOS,BOS @ TOR,W,1593.8,66.5%,+6.7,1600.5
2025-12-20,DAL,DAL @ PHI,L,1494.6,50.2%,-10.04,1484.5
2025-12-20,ORL,ORL @ UTA,W,1603.3,73.1%,+5.37,1608.7
2025-12-20,DET,DET vs. CHA,W,1676.2,82.7%,+3.46,1679.7
2025-12-20,UTA,UTA vs. ORL,L,1427.0,26.3%,-5.27,1421.7
2025-12-20,PHI,PHI vs. DAL,W,1503.7,52.8%,+9.43,1513.2
2025-12-20,HOU,HOU @ DEN,W,1616.8,36.9%,+12.62,1629.4
2025-12-20,DEN,DEN vs. HOU,L,1688.2,57.1%,-11.41,1676.8
2025-12-20,MEM,MEM vs. WAS,L,1536.0,84.3%,-16.86,1519.1
2025-12-20,TOR,TOR vs. BOS,L,1464.1,30.8%,-6.16,1457.9
2025-12-20,PHX,PHX @ GSW,L,1585.8,59.3%,-11.85,1573.9
2025-12-20,POR,POR @ SAC,W,1424.3,60.4%,+7.92,1432.2
2025-12-20,WAS,WAS @ MEM,W,1216.5,11.9%,+17.61,1234.1
2025-12-20,IND,IND @ NOP,L,1298.1,42.1%,-8.41,1289.7
2025-12-20,CHA,CHA @ DET,L,1411.7,18.6%,-3.71,1408.0
2025-12-20,LAC,LAC vs. LAL,W,1422.3,30.4%,+13.91,1436.2
2025-12-20,LAL,LAL @ LAC,L,1596.6,76.5%,-15.3,1581.3
2025-12-20,NOP,NOP vs. IND,W,1369.7,62.3%,+7.53,1377.2
2025-12-19,NYK,NYK vs. PHI,L,1677.3,77.0%,-15.4,1661.9
2025-12-19,CLE,CLE vs. CHI,L,1428.2,59.8%,-11.97,1416.2
2025-12-19,PHI,PHI @ NYK,W,1442.4,18.3%,+16.34,1458.8
2025-12-19,MIA,MIA @ BOS,L,1494.1,37.5%,-7.49,1486.6
2025-12-19,SAS,SAS @ ATL,W,1642.3,77.6%,+4.49,1646.7
2025-12-19,BOS,BOS vs. MIA,W,1574.2,60.1%,+7.98,1582.2
2025-12-19,CHI,CHI @ CLE,W,1339.2,34.9%,+13.03,1352.2
2025-12-19,MIN,MIN vs. OKC,W,1636.6,20.5%,+15.9,1652.5
2025-12-19,ATL,ATL vs. SAS,L,1416.8,20.5%,-4.1,1412.7
2025-12-19,OKC,OKC @ MIN,L,1890.7,82.8%,-16.56,1874.2
2025-12-18,DET,DET @ DAL,L,1679.4,75.5%,-15.1,1664.3
2025-12-18,NYK,NYK @ IND,W,1701.7,91.0%,+1.79,1703.5
2025-12-18,TOR,TOR @ MIL,W,1469.2,67.7%,+6.46,1475.6
2025-12-18,PHX,PHX vs. GSW,W,1578.5,57.2%,+8.55,1587.1
2025-12-18,OKC,OKC vs. LAC,W,1889.6,94.6%,+1.08,1890.7
2025-12-18,MIA,MIA @ BKN,W,1494.5,66.5%,+6.7,1501.2
2025-12-18,POR,POR vs. SAC,W,1421.3,59.6%,+8.08,1429.4
2025-12-18,UTA,UTA vs. LAL,L,1443.5,31.0%,-6.2,1437.3
2025-12-18,DEN,DEN vs. ORL,W,1692.5,60.1%,+7.97,1700.4
2025-12-18,IND,IND vs. NYK,L,1299.8,9.0%,-1.81,1298.0
2025-12-18,MIL,MIL vs. TOR,L,1348.5,34.3%,-6.86,1341.6
2025-12-18,LAL,LAL @ UTA,W,1590.7,71.0%,+5.8,1596.5
2025-12-18,ORL,ORL @ DEN,L,1613.0,37.7%,-7.54,1605.5
2025-12-18,SAS,SAS vs. WAS,W,1637.2,91.6%,+1.67,1638.9
2025-12-18,NOP,NOP vs. HOU,W,1315.1,12.4%,+17.53,1332.6
2025-12-18,GSW,GSW @ PHX,L,1524.7,41.9%,-8.37,1516.3
2025-12-18,HOU,HOU @ NOP,L,1636.6,85.1%,-17.02,1619.5
2025-12-18,ATL,ATL @ CHA,L,1438.9,55.6%,-11.12,1427.7
2025-12-18,LAC,LAC @ OKC,L,1394.3,5.5%,-1.1,1393.2
2025-12-18,CHA,CHA vs. ATL,W,1389.1,41.4%,+11.72,1400.9
2025-12-18,DAL,DAL vs. DET,W,1474.0,22.5%,+15.51,1489.5
2025-12-18,SAC,SAC @ POR,L,1357.9,41.5%,-8.31,1349.6
2025-12-18,BKN,BKN vs. MIA,L,1387.6,36.7%,-7.34,1380.3
2025-12-18,WAS,WAS @ SAS,L,1219.4,8.2%,-1.64,1217.8
2025-12-17,MIN,MIN vs. MEM,L,1647.0,65.6%,-13.12,1633.8
2025-12-17,CHI,CHI vs. CLE,W,1315.0,28.8%,+14.24,1329.2
2025-12-17,CLE,CLE @ CHI,L,1505.7,78.4%,-15.69,1490.0
2025-12-17,MEM,MEM @ MIN,W,1551.0,38.7%,+12.25,1563.2
2025-12-15,MEM,MEM @ LAC,W,1522.9,66.2%,+6.76,1529.6
2025-12-15,DAL,DAL @ UTA,L,1497.8,61.1%,-12.21,1485.6
2025-12-15,DET,DET @ BOS,W,1672.5,61.5%,+7.7,1680.2
2025-12-15,BOS,BOS vs. DET,L,1583.4,36.4%,-7.29,1576.1
2025-12-15,HOU,HOU @ DEN,L,1661.9,46.5%,-9.3,1652.5
2025-12-15,MIA,MIA vs. TOR,L,1501.0,58.3%,-11.66,1489.4
2025-12-15,DEN,DEN vs. HOU,W,1680.9,52.0%,+9.6,1690.5
2025-12-15,LAC,LAC vs. MEM,L,1423.6,38.4%,-7.69,1415.9
2025-12-15,TOR,TOR @ MIA,W,1425.0,36.8%,+12.63,1437.7
2025-12-15,UTA,UTA vs. DAL,W,1433.4,42.7%,+11.45,1444.8
2025-12-14,BKN,BKN vs. MIL,W,1294.6,30.0%,+13.99,1308.6
2025-12-14,PHI,PHI @ ATL,L,1455.6,52.8%,-10.55,1445.0
2025-12-14,MIN,MIN vs. SAC,W,1643.9,83.6%,+3.28,1647.2
2025-12-14,POR,POR vs. GSW,W,1406.0,31.7%,+13.66,1419.7
2025-12-14,PHX,PHX vs. LAL,L,1586.2,51.7%,-10.33,1575.9
2025-12-14,MIL,MIL @ BKN,L,1392.2,56.9%,-11.38,1380.8
2025-12-14,GSW,GSW @ POR,L,1553.7,71.8%,-14.36,1539.3
2025-12-14,CHI,CHI vs. NOP,L,1297.2,49.7%,-9.94,1287.3
2025-12-14,SAC,SAC @ MIN,L,1365.5,17.1%,-3.43,1362.1
2025-12-14,IND,IND vs. WAS,L,1336.5,70.5%,-14.11,1322.4
2025-12-14,CLE,CLE vs. CHA,L,1527.1,71.5%,-14.29,1512.8
2025-12-14,WAS,WAS @ IND,W,1146.7,21.2%,+15.76,1162.5
2025-12-14,ATL,ATL vs. PHI,W,1443.8,49.4%,+10.12,1453.9
2025-12-14,NOP,NOP @ CHI,W,1285.0,46.2%,+10.76,1295.8
2025-12-14,LAL,LAL @ PHX,W,1568.1,46.4%,+10.71,1578.8
2025-12-14,CHA,CHA @ CLE,W,1347.1,24.0%,+15.21,1362.3
2025-12-13,SAS,SAS @ OKC,W,1624.3,16.9%,+16.62,1640.9
2025-12-13,ORL,NYK @ ORL,L,1645.6,45.6%,-9.12,1636.4
2025-12-13,NYK,NYK @ ORL,W,1689.1,58.1%,+8.39,1697.5
2025-12-13,OKC,SAS @ OKC,L,1914.4,85.2%,-17.03,1897.4
2025-12-12,ATL,ATL @ DET,L,1453.4,23.8%,-4.77,1448.7
2025-12-12,GSW,GSW vs. MIN,L,1572.7,43.2%,-8.64,1564.0
2025-12-12,BKN,BKN @ DAL,L,1303.2,25.5%,-5.1,1298.1
2025-12-12,CHA,CHA vs. CHI,L,1357.3,58.0%,-11.6,1345.7
2025-12-12,MEM,MEM vs. UTA,L,1518.7,65.6%,-13.13,1505.6
2025-12-12,MIN,MIN @ GSW,W,1631.4,59.9%,+8.02,1639.4
2025-12-12,PHI,PHI vs. IND,W,1436.8,56.2%,+8.76,1445.6
2025-12-12,DET,DET vs. ATL,W,1665.7,78.3%,+4.35,1670.1
2025-12-12,CHI,CHI @ CHA,W,1292.3,39.5%,+12.1,1304.4
2025-12-12,IND,IND @ PHI,L,1384.8,41.4%,-8.28,1376.6
2025-12-12,WAS,WAS vs. CLE,L,1149.4,9.3%,-1.86,1147.6
2025-12-12,CLE,CLE @ WAS,W,1546.6,90.8%,+1.83,1548.4
2025-12-12,UTA,UTA @ MEM,W,1394.1,31.3%,+13.75,1407.8
2025-12-12,DAL,DAL vs. BKN,W,1494.3,75.6%,+4.89,1499.2
2025-12-11,LAC,LAC @ HOU,L,1427.1,20.4%,-4.08,1423.0
2025-12-11,SAC,SAC vs. DEN,L,1382.7,16.6%,-3.31,1379.4
2025-12-11,MIL,MIL vs. BOS,W,1378.7,17.0%,+16.59,1395.3
2025-12-11,NOP,NOP vs. POR,W,1203.8,17.5%,+16.49,1220.3
2025-12-11,HOU,HOU vs. LAC,W,1665.6,80.0%,+4.0,1669.6
2025-12-11,DEN,DEN @ SAC,W,1674.1,85.0%,+2.99,1677.1
2025-12-11,POR,POR @ NOP,L,1431.0,74.4%,-14.88,1416.1
2025-12-11,BOS,BOS @ MIL,L,1622.3,77.2%,-15.44,1606.8
2025-12-10,PHX,PHX @ OKC,L,1609.6,16.0%,-3.2,1606.4
2025-12-10,LAL,LAL vs. SAS,L,1586.6,49.2%,-9.84,1576.8
2025-12-10,SAS,SAS @ LAL,W,1575.3,45.9%,+10.81,1586.1
2025-12-10,OKC,OKC vs. PHX,W,1907.9,85.5%,+2.9,1910.8
2025-12-09,ORL,ORL vs. MIA,W,1631.7,63.9%,+7.22,1638.9
2025-12-09,TOR,TOR vs. NYK,L,1433.3,20.6%,-4.12,1429.2
2025-12-09,MIA,MIA @ ORL,L,1526.4,34.5%,-6.9,1519.5
2025-12-09,NYK,NYK @ TOR,W,1661.3,78.2%,+4.37,1665.7
2025-12-08,SAS,SAS @ NOP,W,1572.5,89.1%,+2.17,1574.7
2025-12-08,IND,IND vs. SAC,W,1381.9,48.2%,+10.35,1392.3
2025-12-08,MIN,MIN vs. PHX,L,1637.9,56.6%,-11.31,1626.6
2025-12-08,PHX,PHX @ MIN,W,1601.9,46.2%,+10.75,1612.7
2025-12-08,SAC,SAC @ IND,L,1410.2,56.4%,-11.27,1398.9
2025-12-08,NOP,NOP vs. SAS,L,1205.5,10.7%,-2.14,1203.3
2025-12-07,DEN,DEN @ CHA,W,1660.6,84.2%,+3.15,1663.7
2025-12-07,OKC,OKC @ UTA,W,1892.5,94.5%,+1.1,1893.6
2025-12-07,BOS,BOS @ TOR,W,1649.2,76.5%,+4.7,1653.9
2025-12-07,LAL,LAL @ PHI,W,1594.0,70.0%,+5.99,1600.0
2025-12-07,CHI,CHI vs. GSW,L,1314.2,20.4%,-4.08,1310.1
2025-12-07,CHA,CHA vs. DEN,L,1373.9,16.5%,-3.29,1370.6
2025-12-07,PHI,PHI vs. LAL,L,1442.2,28.9%,-5.79,1436.4
2025-12-07,UTA,UTA vs. OKC,L,1397.1,5.4%,-1.08,1396.0
2025-12-07,TOR,TOR vs. BOS,L,1451.0,24.9%,-4.98,1446.0
2025-12-07,GSW,GSW @ CHI,W,1564.2,82.0%,+3.6,1567.8
2025-12-07,MEM,MEM vs. POR,W,1489.9,46.6%,+10.68,1500.6
2025-12-07,NYK,NYK vs. ORL,W,1644.3,49.4%,+10.13,1654.4
2025-12-07,ORL,ORL @ NYK,L,1641.0,48.4%,-9.68,1631.3
2025-12-07,POR,POR @ MEM,L,1494.0,47.7%,-9.55,1484.4
2025-12-06,SAC,SAC @ MIA,W,1379.6,25.8%,+14.84,1394.5
2025-12-06,WAS,WAS vs. ATL,L,1155.3,15.7%,-3.14,1152.2
2025-12-06,HOU,HOU @ DAL,L,1693.4,79.4%,-15.87,1677.6
2025-12-06,MIA,MIA vs. SAC,L,1604.4,82.2%,-16.44,1588.0
2025-12-06,GSW,GSW @ CLE,W,1541.6,48.2%,+10.36,1552.0
2025-12-06,BKN,BKN vs. NOP,W,1276.0,56.0%,+8.79,1284.8
2025-12-06,NOP,NOP @ BKN,L,1221.2,40.4%,-8.09,1213.1
2025-12-06,ATL,ATL @ WAS,W,1443.0,83.6%,+3.28,1446.3
2025-12-06,MIL,MIL @ DET,L,1382.9,17.6%,-3.52,1379.4
2025-12-06,DET,DET vs. MIL,W,1648.0,81.9%,+3.63,1651.6
2025-12-06,LAC,LAC @ MIN,L,1429.9,23.5%,-4.7,1425.2
2025-12-06,DAL,DAL vs. HOU,W,1429.4,15.6%,+16.89,1446.3
2025-12-06,CLE,CLE vs. GSW,L,1566.4,55.3%,-11.06,1555.3
2025-12-06,MIN,MIN vs. LAC,W,1633.0,76.1%,+4.78,1637.8
2025-12-05,CLE,CLE vs. SAS,W,1532.5,39.5%,+12.09,1544.6
2025-12-05,POR,POR @ DET,L,1524.0,34.2%,-6.84,1517.1
2025-12-05,LAC,LAC @ MEM,L,1451.4,47.2%,-9.45,1442.0
2025-12-05,BOS,BOS vs. LAL,W,1627.1,52.5%,+9.49,1636.6
2025-12-05,DEN,DEN @ ATL,W,1651.3,76.3%,+4.73,1656.1
2025-12-05,MEM,MEM vs. LAC,W,1481.9,56.0%,+8.8,1490.7
2025-12-05,CHA,CHA @ TOR,W,1335.1,29.1%,+14.18,1349.3
2025-12-05,IND,IND @ CHI,W,1327.5,46.4%,+10.72,1338.2
2025-12-05,PHI,PHI @ MIL,W,1431.4,54.4%,+9.13,1440.5
2025-12-05,LAL,LAL @ BOS,L,1633.1,54.2%,-10.85,1622.2
2025-12-05,UTA,UTA @ NYK,L,1419.1,23.5%,-4.69,1414.4
2025-12-05,ORL,ORL vs. MIA,W,1645.3,55.4%,+8.92,1654.3
2025-12-05,TOR,TOR vs. CHA,L,1546.1,82.3%,-16.47,1529.6
2025-12-05,ATL,ATL vs. DEN,L,1445.7,23.2%,-4.65,1441.1
2025-12-05,PHX,PHX @ HOU,L,1604.9,35.2%,-7.05,1597.8
2025-12-05,MIA,MIA @ ORL,L,1612.4,45.9%,-9.18,1603.2
2025-12-05,NYK,NYK vs. UTA,W,1636.6,78.9%,+4.21,1640.8
2025-12-05,SAS,SAS @ CLE,L,1590.2,56.0%,-11.19,1579.0
2025-12-05,DAL,DAL @ OKC,L,1433.0,6.8%,-1.35,1431.6
2025-12-05,CHI,CHI vs. IND,L,1334.1,48.3%,-9.66,1324.4
2025-12-05,DET,DET vs. POR,W,1643.7,67.3%,+6.53,1650.2
2025-12-05,HOU,HOU vs. PHX,W,1699.7,61.9%,+7.62,1707.4
2025-12-05,MIL,MIL vs. PHI,L,1422.6,51.8%,-10.37,1412.2
2025-12-05,OKC,OKC vs. DAL,W,1891.1,93.4%,+1.32,1892.4
2025-12-04,PHI,PHI vs. GSW,W,1403.4,31.8%,+13.64,1417.0
2025-12-04,MIN,MIN @ NOP,W,1631.3,90.7%,+1.86,1633.2
2025-12-04,BKN,BKN vs. UTA,L,1288.2,33.6%,-6.71,1281.5
2025-12-04,WAS,WAS vs. BOS,L,1165.8,7.7%,-1.54,1164.3
2025-12-04,NOP,NOP vs. MIN,L,1238.0,9.5%,-1.91,1236.1
2025-12-04,LAL,LAL @ TOR,W,1627.9,60.9%,+7.83,1635.7
2025-12-04,GSW,GSW @ PHI,L,1544.0,70.2%,-14.04,1530.0
2025-12-04,TOR,TOR vs. LAL,L,1558.2,41.1%,-8.21,1550.0
2025-12-04,BOS,BOS @ WAS,W,1593.1,91.9%,+1.61,1594.8
2025-12-04,UTA,UTA @ BKN,W,1396.6,63.8%,+7.25,1403.8
2025-12-03,SAC,SAC @ HOU,L,1342.9,11.6%,-2.32,1340.5
2025-12-03,POR,POR @ CLE,W,1483.5,37.4%,+12.52,1496.0
2025-12-03,LAC,LAC @ ATL,W,1424.5,42.8%,+11.44,1435.9
2025-12-03,NYK,NYK vs. CHA,W,1622.2,87.7%,+2.46,1624.6
2025-12-03,CHI,CHI vs. BKN,L,1373.6,63.5%,-12.7,1360.9
2025-12-03,ORL,ORL vs. SAS,L,1649.5,57.4%,-11.48,1638.0
2025-12-03,MIL,MIL vs. DET,W,1408.9,19.8%,+16.03,1424.9
2025-12-03,ATL,ATL vs. LAC,L,1514.6,67.9%,-13.58,1501.0
2025-12-03,CLE,CLE vs. POR,L,1553.4,57.2%,-11.44,1541.9
2025-12-03,CHA,CHA @ NYK,L,1284.4,12.7%,-2.55,1281.9
2025-12-03,SAS,SAS @ ORL,W,1590.0,40.5%,+11.91,1601.9
2025-12-03,MIA,MIA @ DAL,L,1661.5,83.2%,-16.64,1644.9
2025-12-03,DEN,DEN @ IND,W,1642.1,85.3%,+2.94,1645.0
2025-12-03,DET,DET @ MIL,L,1668.2,83.1%,-16.61,1651.6
2025-12-03,HOU,HOU vs. SAC,W,1692.0,88.0%,+2.4,1694.4
2025-12-03,DAL,DAL vs. MIA,W,1411.6,21.8%,+15.65,1427.2
2025-12-03,BKN,BKN @ CHI,W,1257.4,31.4%,+13.73,1271.2
2025-12-03,IND,IND vs. DEN,L,1332.8,14.1%,-2.83,1330.0
2025-12-02,BOS,BOS vs. NYK,W,1584.0,43.7%,+11.26,1595.3
2025-12-02,NOP,NOP vs. MIN,L,1240.2,9.8%,-1.95,1238.3
2025-12-02,SAS,SAS vs. MEM,W,1577.8,63.3%,+7.33,1585.1
2025-12-02,MEM,MEM @ SAS,L,1477.4,35.2%,-7.05,1470.4
2025-12-02,TOR,TOR vs. POR,W,1548.4,57.9%,+8.43,1556.8
2025-12-02,GSW,GSW vs. OKC,L,1548.0,12.6%,-2.51,1545.5
2025-12-02,POR,POR @ TOR,L,1489.0,40.9%,-8.18,1480.8
2025-12-02,PHI,PHI vs. WAS,W,1381.5,75.7%,+4.86,1386.3
2025-12-02,WAS,WAS @ PHI,L,1178.0,23.0%,-4.61,1173.4
2025-12-02,NYK,NYK @ BOS,L,1640.1,59.7%,-11.94,1628.2
2025-12-02,OKC,OKC @ GSW,W,1882.0,87.0%,+2.59,1884.5
2025-12-02,MIN,MIN @ NOP,W,1625.0,90.1%,+1.98,1627.0
2025-12-01,ATL,ATL @ DET,L,1517.3,29.9%,-5.98,1511.3
2025-12-01,MIL,MIL @ WAS,L,1405.7,79.5%,-15.9,1389.8
2025-12-01,CHA,CHA @ BKN,L,1303.6,59.3%,-11.86,1291.7
2025-12-01,LAL,LAL vs. PHX,L,1647.9,58.4%,-11.69,1636.2
2025-12-01,DEN,DEN vs. DAL,L,1675.9,86.7%,-17.34,1658.6
2025-12-01,IND,IND vs. CLE,L,1352.8,23.6%,-4.72,1348.1
2025-12-01,CHI,CHI @ ORL,L,1396.2,18.4%,-3.69,1392.5
2025-12-01,PHX,PHX @ LAL,W,1562.3,34.4%,+13.12,1575.4
2025-12-01,BKN,BKN vs. CHA,W,1220.6,35.9%,+12.82,1233.4
2025-12-01,DAL,DAL @ DEN,W,1315.6,9.3%,+18.13,1333.7
2025-12-01,UTA,UTA vs. HOU,W,1341.1,8.8%,+18.24,1359.3
2025-12-01,LAC,LAC @ MIA,L,1390.0,17.8%,-3.55,1386.4
2025-12-01,WAS,WAS vs. MIL,W,1157.8,18.2%,+16.35,1174.1
2025-12-01,HOU,HOU @ UTA,L,1719.9,88.3%,-17.66,1702.2
2025-12-01,MIA,MIA vs. LAC,W,1652.1,81.5%,+3.69,1655.8
2025-12-01,CLE,CLE @ IND,W,1566.5,78.3%,+4.33,1570.9
2025-12-01,ORL,ORL vs. CHI,W,1652.4,81.2%,+3.76,1656.2
2025-12-01,DET,DET vs. ATL,W,1663.4,69.6%,+6.08,1669.5
2025-11-30,UTA,UTA vs. HOU,L,1346.3,9.3%,-1.86,1344.4
2025-11-30,PHI,PHI vs. ATL,L,1397.8,35.3%,-7.06,1390.7
2025-11-30,NOP,NOP @ LAL,L,1243.5,7.8%,-1.56,1241.9
2025-11-30,MIN,MIN vs. SAS,W,1614.1,53.7%,+9.27,1623.4
2025-11-30,BOS,BOS @ CLE,W,1558.1,48.2%,+10.36,1568.4
2025-11-30,CLE,CLE vs. BOS,L,1564.4,50.0%,-10.0,1554.4
2025-11-30,MEM,MEM @ SAC,W,1466.4,64.5%,+7.1,1473.5
2025-11-30,LAL,LAL vs. NOP,W,1671.4,92.1%,+1.58,1673.0
2025-11-30,NYK,NYK vs. TOR,W,1627.1,59.3%,+8.13,1635.2
2025-11-30,TOR,TOR @ NYK,L,1581.2,46.3%,-9.25,1572.0
2025-11-30,SAC,SAC vs. MEM,L,1355.2,33.6%,-6.71,1348.5
2025-11-30,POR,POR vs. OKC,L,1497.5,10.1%,-2.01,1495.5
2025-11-30,OKC,OKC @ POR,W,1880.3,90.2%,+1.96,1882.2
2025-11-30,HOU,HOU @ UTA,W,1738.5,90.3%,+1.93,1740.4
2025-11-30,SAS,SAS @ MIN,L,1604.3,50.8%,-10.17,1594.1
2025-11-30,ATL,ATL @ PHI,W,1512.6,67.2%,+6.57,1519.1
2025-11-29,BKN,BKN @ MIL,L,1228.9,26.1%,-5.21,1223.7
2025-11-29,MIN,MIN vs. BOS,W,1585.4,52.1%,+9.59,1595.0
2025-11-29,DET,DET @ MIA,W,1656.4,49.6%,+10.08,1666.4
2025-11-29,DEN,DEN @ PHX,W,1699.0,67.3%,+6.54,1705.5
2025-11-29,MIA,MIA vs. DET,L,1668.4,53.0%,-10.61,1657.8
2025-11-29,PHX,PHX vs. DEN,L,1590.5,37.1%,-7.42,1583.1
2025-11-29,BOS,BOS @ MIN,L,1565.2,46.3%,-9.25,1556.0
2025-11-29,LAC,LAC vs. DAL,L,1407.1,64.6%,-12.92,1394.2
2025-11-29,NOP,NOP @ GSW,L,1249.5,15.3%,-3.07,1246.4
2025-11-29,TOR,TOR @ CHA,L,1628.0,88.4%,-17.69,1610.3
2025-11-29,GSW,GSW vs. NOP,W,1549.1,85.1%,+2.98,1552.0
2025-11-29,IND,IND vs. CHI,W,1346.8,41.8%,+11.64,1358.4
2025-11-29,CHA,CHA vs. TOR,W,1300.4,15.0%,+17.01,1317.4
2025-11-29,CHI,CHI @ IND,L,1411.9,60.3%,-12.07,1399.9
2025-11-29,MIL,MIL vs. BKN,W,1403.4,72.4%,+5.51,1408.9
2025-11-29,DAL,DAL @ LAC,W,1290.5,32.3%,+13.54,1304.1
2025-11-28,PHI,PHI @ BKN,W,1378.5,67.1%,+6.58,1385.1
2025-11-28,MEM,MEM @ LAC,W,1448.1,51.5%,+9.69,1457.8
2025-11-28,SAS,SAS @ DEN,W,1582.4,33.2%,+13.36,1595.8
2025-11-28,WAS,WAS @ IND,L,1186.3,32.8%,-6.57,1179.7
2025-11-28,CHI,CHI @ CHA,L,1446.2,76.6%,-15.32,1430.9
2025-11-28,DEN,DEN vs. SAS,L,1693.6,64.1%,-12.82,1680.8
2025-11-28,MIL,MIL @ NYK,L,1412.6,25.6%,-5.12,1407.5
2025-11-28,SAC,SAC @ UTA,L,1388.9,59.3%,-11.85,1377.0
2025-11-28,CLE,CLE @ ATL,L,1598.1,66.9%,-13.38,1584.7
2025-11-28,PHX,PHX @ OKC,L,1594.2,16.6%,-3.33,1590.8
2025-11-28,UTA,UTA vs. SAC,W,1339.0,45.0%,+10.99,1350.0
2025-11-28,ATL,ATL vs. CLE,W,1491.3,37.2%,+12.57,1503.9
2025-11-28,LAL,LAL vs. DAL,W,1667.9,89.6%,+2.08,1670.0
2025-11-28,BKN,BKN vs. PHI,L,1246.0,30.7%,-6.15,1239.9
2025-11-28,NYK,NYK vs. MIL,W,1603.5,75.6%,+4.88,1608.4
2025-11-28,DAL,DAL @ LAL,L,1292.6,10.3%,-2.05,1290.5
2025-11-28,LAC,LAC vs. MEM,L,1428.9,46.0%,-9.21,1419.7
2025-11-28,IND,IND vs. WAS,W,1328.1,71.4%,+5.71,1333.8
2025-11-28,OKC,OKC vs. PHX,W,1876.3,83.7%,+3.26,1879.5
2025-11-28,DET,DET vs. ORL,L,1663.8,54.0%,-10.8,1653.0
2025-11-28,CHA,CHA vs. CHI,W,1259.5,27.6%,+14.48,1274.0
2025-11-28,ORL,ORL @ DET,W,1645.2,48.7%,+10.26,1655.5
2025-11-26,POR,POR vs. SAS,L,1526.8,46.2%,-9.24,1517.6
2025-11-26,SAS,SAS @ POR,W,1570.4,58.7%,+8.27,1578.6
2025-11-26,IND,IND @ TOR,L,1311.9,14.0%,-2.81,1309.1
2025-11-26,SAC,SAC vs. PHX,L,1404.2,26.8%,-5.36,1398.8
2025-11-26,HOU,HOU @ GSW,W,1730.0,73.3%,+5.34,1735.4
2025-11-26,MIL,MIL @ MIA,L,1414.8,19.1%,-3.81,1411.0
2025-11-26,NYK,NYK @ CHA,W,1593.3,88.1%,+2.37,1595.6
2025-11-26,PHX,PHX @ SAC,W,1587.9,75.2%,+4.96,1592.9
2025-11-26,TOR,TOR vs. IND,W,1625.7,85.8%,+2.84,1628.5
2025-11-26,DET,DET @ BOS,L,1673.9,65.7%,-13.14,1660.7
2025-11-26,MIA,MIA vs. MIL,W,1664.5,80.7%,+3.87,1668.4
2025-11-26,GSW,GSW vs. HOU,L,1551.0,25.9%,-5.18,1545.8
2025-11-26,MEM,MEM @ NOP,W,1438.9,73.8%,+5.23,1444.1
2025-11-26,BOS,BOS vs. DET,W,1552.1,32.0%,+13.59,1565.7
2025-11-26,NOP,NOP vs. MEM,L,1254.6,25.3%,-5.06,1249.6
2025-11-26,OKC,OKC vs. MIN,W,1868.9,83.2%,+3.36,1872.2
2025-11-26,MIN,MIN @ OKC,L,1588.5,16.4%,-3.29,1585.2
2025-11-26,CHA,CHA vs. NYK,L,1252.4,12.8%,-2.56,1249.8
2025-11-25,LAC,LAC @ LAL,L,1449.7,23.4%,-4.68,1445.0
2025-11-25,ATL,ATL @ WAS,L,1528.0,90.6%,-18.12,1509.9
2025-11-25,WAS,WAS vs. ATL,W,1076.7,5.1%,+18.98,1095.6
2025-11-25,PHI,PHI vs. ORL,L,1395.7,21.7%,-4.34,1391.3
2025-11-25,LAL,LAL vs. LAC,W,1662.9,78.1%,+4.39,1667.3
2025-11-25,ORL,ORL @ PHI,W,1604.0,75.3%,+4.94,1608.9
2025-11-24,TOR,TOR vs. CLE,W,1615.1,50.9%,+9.81,1624.9
2025-11-24,DEN,DEN @ MEM,W,1694.1,80.4%,+3.91,1698.1
2025-11-24,NYK,NYK @ BKN,W,1582.7,86.6%,+2.67,1585.4
2025-11-24,HOU,HOU @ PHX,W,1696.8,62.0%,+7.61,1704.5
2025-11-24,DET,DET @ IND,W,1681.3,89.2%,+2.16,1683.5
2025-11-24,UTA,UTA @ GSW,L,1330.8,22.3%,-4.46,1326.3
2025-11-24,PHX,PHX vs. HOU,L,1596.4,33.9%,-6.78,1589.7
2025-11-24,CHI,CHI @ NOP,L,1477.1,80.8%,-16.15,1460.9
2025-11-24,GSW,GSW vs. UTA,W,1542.4,76.6%,+4.67,1547.1
2025-11-24,NOP,NOP vs. CHI,W,1196.7,14.3%,+17.15,1213.8
2025-11-24,MIN,MIN @ SAC,L,1622.7,80.9%,-16.18,1606.6
2025-11-24,BKN,BKN vs. NYK,L,1262.8,14.0%,-2.8,1259.9
2025-11-24,MIL,MIL vs. POR,L,1441.1,41.3%,-8.26,1432.8
2025-11-24,DAL,DAL @ MIA,L,1296.3,10.8%,-2.17,1294.1
2025-11-24,SAC,SAC vs. MIN,W,1389.9,22.5%,+15.5,1405.5
2025-11-24,MEM,MEM vs. DEN,L,1444.4,18.8%,-3.76,1440.7
2025-11-24,CLE,CLE @ TOR,L,1623.6,53.4%,-10.68,1613.0
2025-11-24,IND,IND vs. DET,L,1316.5,11.0%,-2.21,1314.3
2025-11-24,POR,POR @ MIL,W,1516.7,62.7%,+7.46,1524.2
2025-11-24,MIA,MIA vs. DAL,W,1663.6,89.3%,+2.14,1665.7
2025-11-23,SAS,SAS @ PHX,L,1563.6,44.6%,-8.91,1554.7
2025-11-23,CHA,CHA @ ATL,L,1253.8,13.0%,-2.6,1251.2
2025-11-23,PHI,PHI vs. MIA,L,1416.3,20.1%,-4.01,1412.3
2025-11-23,ATL,ATL vs. CHA,W,1582.8,86.9%,+2.63,1585.5
2025-11-23,POR,POR @ OKC,L,1506.7,11.3%,-2.26,1504.4
2025-11-23,LAL,LAL @ UTA,W,1654.2,86.1%,+2.78,1657.0
2025-11-23,LAC,LAC @ CLE,L,1465.1,30.5%,-6.1,1459.0
2025-11-23,CLE,CLE vs. LAC,W,1617.4,71.7%,+5.66,1623.1
2025-11-23,ORL,ORL @ BOS,L,1634.6,65.7%,-13.14,1621.4
2025-11-23,BKN,BKN @ TOR,L,1265.4,12.9%,-2.58,1262.8
2025-11-23,OKC,OKC vs. POR,W,1861.1,88.3%,+2.34,1863.5
2025-11-23,BOS,BOS vs. ORL,W,1539.2,39.0%,+12.2,1551.4
2025-11-23,UTA,UTA vs. LAL,L,1339.4,14.2%,-2.83,1336.5
2025-11-23,MIA,MIA @ PHI,W,1651.7,79.1%,+4.19,1655.9
2025-11-23,PHX,PHX vs. SAS,W,1592.7,52.9%,+9.42,1602.1
2025-11-23,TOR,TOR vs. BKN,W,1595.6,86.9%,+2.63,1598.2
2025-11-22,ORL,ORL vs. NYK,W,1610.5,51.2%,+9.76,1620.3
2025-11-22,MEM,MEM @ DAL,W,1435.9,67.5%,+6.5,1442.4
2025-11-22,CHI,CHI vs. WAS,W,1507.7,92.3%,+1.55,1509.3
2025-11-22,DEN,DEN vs. SAC,L,1718.9,89.5%,-17.89,1701.1
2025-11-22,CHA,CHA vs. LAC,L,1272.4,26.7%,-5.35,1267.1
2025-11-22,SAC,SAC @ DEN,W,1323.0,8.2%,+18.37,1341.4
2025-11-22,LAC,LAC @ CHA,W,1458.0,75.6%,+4.89,1462.9
2025-11-22,ATL,ATL @ NOP,W,1575.8,89.5%,+2.1,1577.9
2025-11-22,DAL,DAL vs. MEM,L,1303.4,31.1%,-6.22,1297.2
2025-11-22,NYK,NYK @ ORL,L,1590.9,45.6%,-9.12,1581.8
2025-11-22,MIL,MIL vs. DET,L,1454.7,22.9%,-4.58,1450.1
2025-11-22,WAS,WAS @ CHI,L,1077.7,7.8%,-1.56,1076.1
2025-11-22,NOP,NOP vs. ATL,L,1200.7,10.2%,-2.04,1198.7
2025-11-22,DET,DET @ MIL,W,1673.7,78.7%,+4.26,1677.9
2025-11-21,POR,POR @ GSW,W,1488.2,39.2%,+12.15,1500.4
2025-11-21,DEN,DEN @ HOU,W,1729.0,52.6%,+9.49,1738.5
2025-11-21,WAS,WAS @ TOR,L,1080.9,5.0%,-1.0,1079.9
2025-11-21,GSW,GSW vs. POR,L,1553.9,57.9%,-11.58,1542.3
2025-11-21,MIN,MIN @ PHX,L,1633.5,57.4%,-11.47,1622.0
2025-11-21,UTA,UTA vs. OKC,L,1342.2,4.9%,-0.98,1341.2
2025-11-21,BOS,BOS vs. BKN,L,1550.5,85.8%,-17.16,1533.4
2025-11-21,IND,IND @ CLE,L,1322.8,16.7%,-3.34,1319.5
2025-11-21,NOP,NOP @ DAL,L,1212.1,37.5%,-7.51,1204.6
2025-11-21,MIA,MIA @ CHI,W,1596.2,54.8%,+9.04,1605.3
2025-11-21,CLE,CLE vs. IND,W,1605.6,83.9%,+3.22,1608.8
2025-11-21,PHX,PHX vs. MIN,W,1588.0,44.3%,+11.13,1599.1
2025-11-21,BKN,BKN @ BOS,W,1209.6,10.6%,+17.87,1227.4
2025-11-21,OKC,OKC @ UTA,W,1856.3,95.0%,+1.0,1857.3
2025-11-21,TOR,TOR vs. WAS,W,1594.3,95.1%,+0.98,1595.2
2025-11-21,HOU,HOU vs. DEN,L,1704.6,45.6%,-9.11,1695.5
2025-11-21,CHI,CHI vs. MIA,L,1535.2,37.5%,-7.51,1527.7
2025-11-21,DAL,DAL vs. NOP,W,1305.5,63.8%,+7.24,1312.8
2025-11-20,ORL,ORL vs. LAC,W,1599.8,69.3%,+6.14,1606.0
2025-11-20,SAC,SAC @ MEM,L,1350.5,41.7%,-8.35,1342.1
2025-11-20,MEM,MEM vs. SAC,W,1381.7,50.7%,+9.87,1391.6
2025-11-20,PHI,PHI @ MIL,W,1405.7,40.9%,+11.82,1417.6
2025-11-20,LAC,LAC @ ORL,L,1474.9,34.9%,-6.98,1467.9
2025-11-20,ATL,ATL @ SAS,L,1601.1,57.7%,-11.54,1589.6
2025-11-20,MIL,MIL vs. PHI,L,1490.0,64.6%,-12.92,1477.1
2025-11-20,SAS,SAS vs. ATL,W,1561.8,46.5%,+10.71,1572.6
2025-11-19,CHI,CHI @ POR,W,1553.6,58.0%,+8.39,1562.0
2025-11-19,CLE,CLE vs. HOU,L,1613.6,37.9%,-7.58,1606.0
2025-11-19,NYK,NYK @ DAL,W,1600.5,84.8%,+3.04,1603.6
2025-11-19,MIA,MIA vs. GSW,W,1565.9,45.9%,+10.82,1576.7
2025-11-19,DEN,DEN @ NOP,W,1727.2,95.0%,+0.99,1728.2
2025-11-19,SAC,SAC @ OKC,L,1378.6,6.1%,-1.21,1377.4
2025-11-19,WAS,WAS @ MIN,L,1081.7,4.0%,-0.8,1080.9
2025-11-19,OKC,OKC vs. SAC,W,1853.9,93.9%,+1.22,1855.1
2025-11-19,HOU,HOU @ CLE,W,1689.3,59.3%,+8.13,1697.5
2025-11-19,CHA,CHA @ IND,L,1283.4,45.9%,-9.18,1274.2
2025-11-19,PHI,PHI vs. TOR,L,1398.0,26.0%,-5.2,1392.8
2025-11-19,POR,POR vs. CHI,L,1493.2,40.8%,-8.16,1485.0
2025-11-19,DAL,DAL vs. NYK,L,1304.2,15.5%,-3.11,1301.1
2025-11-19,MIN,MIN vs. WAS,W,1632.2,96.0%,+0.81,1633.0
2025-11-19,IND,IND vs. CHA,W,1302.7,51.5%,+9.71,1312.4
2025-11-19,GSW,GSW @ MIA,L,1580.2,50.0%,-10.0,1570.2
2025-11-19,TOR,TOR @ PHI,W,1587.2,75.6%,+4.88,1592.1
2025-11-19,NOP,NOP vs. DEN,L,1213.2,4.9%,-0.98,1212.2
2025-11-18,DET,DET @ ATL,W,1642.8,52.7%,+9.46,1652.3
2025-11-18,BOS,BOS @ BKN,W,1572.6,88.6%,+2.28,1574.9
2025-11-18,BKN,BKN vs. BOS,L,1213.4,11.1%,-2.21,1211.2
2025-11-18,POR,POR vs. PHX,L,1533.7,48.3%,-9.66,1524.0
2025-11-18,LAL,LAL vs. UTA,W,1649.6,85.1%,+2.98,1652.6
2025-11-18,ATL,ATL vs. DET,L,1613.3,44.3%,-8.85,1604.5
2025-11-18,GSW,GSW @ ORL,L,1607.4,55.3%,-11.07,1596.4
2025-11-18,ORL,ORL vs. GSW,W,1558.8,41.5%,+11.71,1570.5
2025-11-18,MEM,MEM @ SAS,L,1388.5,29.4%,-5.89,1382.6
2025-11-18,SAS,SAS vs. MEM,W,1535.0,69.3%,+6.15,1541.2
2025-11-18,UTA,UTA @ LAL,L,1351.0,15.5%,-3.1,1347.9
2025-11-18,PHX,PHX @ POR,W,1567.2,57.9%,+8.43,1575.6
2025-11-17,MIA,MIA vs. NYK,W,1552.7,41.6%,+11.68,1564.4
2025-11-17,CHA,CHA @ TOR,L,1294.2,16.3%,-3.26,1290.9
2025-11-17,PHI,PHI vs. LAC,W,1391.3,37.3%,+12.54,1403.8
2025-11-17,LAC,LAC @ PHI,L,1490.2,65.0%,-13.0,1477.2
2025-11-17,IND,IND @ DET,L,1306.1,12.8%,-2.56,1303.5
2025-11-17,DET,DET vs. IND,W,1636.9,86.9%,+2.62,1639.6
2025-11-17,MIN,MIN vs. DAL,W,1623.2,85.6%,+2.87,1626.1
2025-11-17,DAL,DAL @ MIN,L,1309.4,13.8%,-2.77,1306.6
2025-11-17,MIL,MIL @ CLE,L,1506.3,35.9%,-7.17,1499.1
2025-11-17,OKC,OKC @ NOP,W,1852.4,97.5%,+0.5,1852.9
2025-11-17,NOP,NOP vs. OKC,L,1214.8,2.5%,-0.5,1214.3
2025-11-17,NYK,NYK @ MIA,L,1605.5,56.7%,-11.34,1594.2
2025-11-17,CHI,CHI @ DEN,W,1525.6,21.1%,+15.79,1541.4
2025-11-17,CLE,CLE vs. MIL,W,1617.0,66.7%,+6.67,1623.6
2025-11-17,DEN,DEN vs. CHI,L,1741.7,76.2%,-15.25,1726.5
2025-11-17,TOR,TOR vs. CHA,W,1577.1,83.5%,+3.3,1580.4
2025-11-16,SAC,SAC @ SAS,L,1394.9,32.8%,-6.56,1388.4
2025-11-16,LAC,LAC @ BOS,L,1499.7,41.0%,-8.19,1491.5
2025-11-16,BKN,BKN @ WAS,W,1201.5,64.6%,+7.08,1208.6
2025-11-16,SAS,SAS vs. SAC,W,1528.8,69.5%,+6.1,1534.9
2025-11-16,PHX,PHX vs. ATL,L,1556.2,41.9%,-8.37,1547.8
2025-11-16,CHI,CHI @ UTA,L,1538.3,76.0%,-15.19,1523.1
2025-11-16,BOS,BOS vs. LAC,W,1568.6,60.5%,+7.89,1576.5
2025-11-16,HOU,HOU vs. ORL,W,1680.8,65.8%,+6.85,1687.7
2025-11-16,UTA,UTA vs. CHI,W,1326.8,21.7%,+15.66,1342.5
2025-11-16,DAL,DAL vs. POR,W,1297.6,19.0%,+16.2,1313.8
2025-11-16,POR,POR @ DAL,L,1568.6,84.2%,-16.83,1551.7
2025-11-16,WAS,WAS vs. BKN,L,1119.6,41.5%,-8.31,1111.3
2025-11-16,NOP,NOP vs. GSW,L,1222.0,9.6%,-1.91,1220.1
2025-11-16,ATL,ATL @ PHX,W,1619.3,59.8%,+8.03,1627.4
2025-11-16,ORL,ORL @ HOU,L,1563.6,33.3%,-6.65,1557.0
2025-11-16,GSW,GSW @ NOP,W,1616.1,90.8%,+1.84,1618.0
2025-11-15,CHA,CHA vs. OKC,L,1297.4,4.0%,-0.8,1296.6
2025-11-15,MIL,MIL vs. LAL,L,1526.4,36.1%,-7.22,1519.1
2025-11-15,CLE,CLE vs. MEM,W,1604.0,76.7%,+4.66,1608.7
2025-11-15,OKC,OKC @ CHA,W,1851.6,96.1%,+0.79,1852.4
2025-11-15,MEM,MEM @ CLE,L,1402.0,24.3%,-4.86,1397.1
2025-11-15,DEN,DEN @ MIN,W,1734.3,62.7%,+7.46,1741.7
2025-11-15,IND,IND vs. TOR,L,1323.2,20.1%,-4.03,1319.1
2025-11-15,MIN,MIN vs. DEN,L,1634.6,34.8%,-6.96,1627.6
2025-11-15,LAL,LAL @ MIL,W,1607.3,58.9%,+8.21,1615.5
2025-11-15,TOR,TOR @ IND,W,1571.2,81.4%,+3.71,1574.9
2025-11-14,CHA,CHA @ MIL,L,1302.6,20.4%,-4.08,1298.6
2025-11-14,MIN,MIN vs. SAC,W,1640.3,80.1%,+3.99,1644.3
2025-11-14,SAS,SAS vs. GSW,L,1528.0,39.3%,-7.85,1520.1
2025-11-14,POR,POR @ HOU,L,1585.6,38.9%,-7.79,1577.8
2025-11-14,BKN,BKN @ ORL,L,1181.6,9.9%,-1.99,1179.6
2025-11-14,HOU,HOU vs. POR,W,1648.8,56.9%,+8.62,1657.4
2025-11-14,LAC,LAC @ DAL,W,1490.7,76.3%,+4.74,1495.4
2025-11-14,GSW,GSW @ SAS,W,1608.6,62.0%,+7.59,1616.2
2025-11-14,SAC,SAC @ MIN,L,1404.5,21.0%,-4.2,1400.3
2025-11-14,DET,DET vs. PHI,W,1630.0,80.0%,+4.01,1634.0
2025-11-14,ORL,ORL vs. BKN,W,1566.2,90.2%,+1.95,1568.2
2025-11-14,LAL,LAL @ NOP,W,1601.2,89.5%,+2.09,1603.3
2025-11-14,MIL,MIL vs. CHA,W,1535.3,78.9%,+4.23,1539.6
2025-11-14,NYK,NYK vs. MIA,W,1593.6,53.3%,+9.34,1603.0
2025-11-14,NOP,NOP vs. LAL,L,1225.5,10.2%,-2.04,1223.5
2025-11-14,DAL,DAL vs. LAC,L,1283.4,22.9%,-4.57,1278.8
2025-11-14,MIA,MIA @ NYK,L,1562.5,44.4%,-8.87,1553.6
2025-11-14,PHI,PHI @ DET,L,1386.7,19.5%,-3.9,1382.8
2025-11-13,CLE,CLE vs. TOR,L,1646.2,68.0%,-13.59,1632.6
2025-11-13,UTA,UTA vs. ATL,L,1335.5,17.5%,-3.51,1332.0
2025-11-13,PHX,PHX vs. IND,W,1547.7,77.6%,+4.48,1552.2
2025-11-13,IND,IND @ PHX,L,1345.0,25.2%,-5.03,1340.0
2025-11-13,ATL,ATL @ UTA,W,1609.7,83.3%,+3.34,1613.0
2025-11-13,TOR,TOR @ CLE,W,1542.6,39.2%,+12.17,1554.8
2025-11-12,PHX,PHX @ DAL,W,1524.2,78.7%,+4.26,1528.5
2025-11-12,SAS,SAS vs. GSW,L,1544.2,43.8%,-8.76,1535.5
2025-11-12,HOU,HOU vs. WAS,W,1646.3,95.3%,+0.93,1647.2
2025-11-12,CLE,CLE @ MIA,W,1632.9,57.0%,+8.6,1641.5
2025-11-12,ORL,ORL @ NYK,W,1540.9,39.2%,+12.17,1553.1
2025-11-12,OKC,OKC vs. LAL,W,1833.5,77.6%,+4.49,1838.0
2025-11-12,MIL,MIL @ CHA,L,1595.1,88.1%,-17.63,1577.5
2025-11-12,LAC,LAC vs. DEN,L,1504.6,22.4%,-4.48,1500.1
2025-11-12,LAL,LAL @ OKC,L,1610.6,21.0%,-4.2,1606.4
2025-11-12,CHA,CHA vs. MIL,W,1280.5,16.6%,+16.69,1297.2
2025-11-12,MEM,MEM @ BOS,L,1420.7,32.9%,-6.58,1414.1
2025-11-12,NYK,NYK vs. ORL,L,1650.7,69.5%,-13.9,1636.8
2025-11-12,NOP,NOP vs. POR,L,1232.7,11.0%,-2.2,1230.5
2025-11-12,MIA,MIA vs. CLE,L,1603.0,48.5%,-9.69,1593.4
2025-11-12,WAS,WAS @ HOU,L,1121.1,4.6%,-0.92,1120.2
2025-11-12,DET,DET vs. CHI,W,1609.9,55.7%,+8.86,1618.7
2025-11-12,DEN,DEN @ LAC,W,1728.6,79.2%,+4.16,1732.8
2025-11-12,SAC,SAC vs. ATL,L,1441.0,32.5%,-6.5,1434.5
2025-11-12,ATL,ATL @ SAC,W,1590.6,72.9%,+5.42,1596.0
2025-11-12,CHI,CHI @ DET,L,1560.8,41.7%,-8.34,1552.5
2025-11-12,GSW,GSW @ SAS,W,1596.9,58.8%,+8.23,1605.2
2025-11-12,BOS,BOS vs. MEM,W,1528.0,62.8%,+7.44,1535.4
2025-11-12,POR,POR @ NOP,W,1598.7,89.3%,+2.14,1600.8
2025-11-12,DAL,DAL vs. PHX,L,1293.0,20.5%,-4.1,1288.9
2025-11-11,PHI,PHI vs. BOS,W,1371.0,26.7%,+14.66,1385.6
2025-11-11,BOS,BOS @ PHI,L,1537.8,71.3%,-14.26,1523.6
2025-11-11,BKN,BKN vs. TOR,L,1185.4,13.3%,-2.65,1182.8
2025-11-11,GSW,GSW @ OKC,L,1595.9,21.1%,-4.22,1591.7
2025-11-11,IND,IND @ UTA,L,1402.7,67.2%,-13.45,1389.2
2025-11-11,DEN,DEN @ SAC,W,1715.7,82.6%,+3.49,1719.2
2025-11-11,NYK,NYK vs. MEM,W,1646.2,76.4%,+4.71,1650.9
2025-11-11,TOR,TOR @ BKN,W,1508.9,86.4%,+2.73,1511.6
2025-11-11,UTA,UTA vs. IND,W,1312.6,42.1%,+11.58,1324.2
2025-11-11,OKC,OKC vs. GSW,W,1818.7,77.7%,+4.47,1823.2
2025-11-11,SAC,SAC vs. DEN,L,1452.4,18.6%,-3.72,1448.6
2025-11-11,MEM,MEM @ NYK,L,1448.3,25.0%,-4.99,1443.3
2025-11-10,ORL,ORL vs. POR,W,1499.4,35.4%,+12.93,1512.3
2025-11-10,CHI,CHI vs. SAS,L,1581.2,56.9%,-11.38,1569.9
2025-11-10,MIL,MIL @ DAL,W,1591.4,84.2%,+3.16,1594.6
2025-11-10,DAL,DAL vs. MIL,L,1299.5,15.6%,-3.12,1296.4
2025-11-10,ATL,ATL @ LAC,W,1562.4,57.4%,+8.51,1570.9
2025-11-10,SAS,SAS @ CHI,W,1523.0,40.3%,+11.94,1534.9
2025-11-10,NOP,NOP @ PHX,L,1243.5,17.5%,-3.49,1240.0
2025-11-10,LAL,LAL @ CHA,W,1612.7,88.9%,+2.23,1615.0
2025-11-10,MIN,MIN @ UTA,W,1632.7,88.4%,+2.32,1635.0
2025-11-10,WAS,WAS @ DET,L,1122.6,5.7%,-1.14,1121.5
2025-11-10,MIA,MIA vs. CLE,W,1591.0,45.0%,+11.0,1602.0
2025-11-10,LAC,LAC vs. ATL,L,1517.9,44.7%,-8.94,1508.9
2025-11-10,POR,POR @ ORL,L,1614.6,67.3%,-13.47,1601.2
2025-11-10,UTA,UTA vs. MIN,L,1282.5,11.9%,-2.38,1280.1
2025-11-10,CHA,CHA vs. LAL,L,1249.9,10.9%,-2.18,1247.8
2025-11-10,PHX,PHX vs. NOP,W,1519.9,83.6%,+3.28,1523.2
2025-11-10,CLE,CLE @ MIA,L,1620.4,53.4%,-10.69,1609.7
2025-11-10,DET,DET vs. WAS,W,1609.0,94.3%,+1.15,1610.2
2025-11-09,HOU,HOU @ MIL,W,1637.1,55.2%,+8.95,1646.1
2025-11-09,BOS,BOS @ ORL,W,1531.0,53.8%,+9.24,1540.3
2025-11-09,MIL,MIL vs. HOU,L,1613.0,48.3%,-9.66,1603.4
2025-11-09,IND,IND @ GSW,L,1426.8,29.5%,-5.9,1420.9
2025-11-09,PHI,PHI vs. DET,L,1374.3,20.9%,-4.18,1370.1
2025-11-09,MIN,MIN @ SAC,W,1616.6,70.4%,+5.91,1622.5
2025-11-09,MEM,MEM vs. OKC,L,1452.2,11.0%,-2.21,1449.9
2025-11-09,SAC,SAC vs. MIN,L,1486.7,34.8%,-6.96,1479.7
2025-11-09,DET,DET @ PHI,W,1603.2,78.6%,+4.27,1607.4
2025-11-09,OKC,OKC @ MEM,W,1812.0,88.6%,+2.27,1814.3
2025-11-09,NYK,NYK vs. BKN,W,1633.9,92.6%,+1.47,1635.4
2025-11-09,ORL,ORL vs. BOS,L,1497.4,44.2%,-8.83,1488.6
2025-11-09,GSW,GSW vs. IND,W,1593.0,73.9%,+5.22,1598.2
2025-11-09,BKN,BKN @ NYK,L,1191.5,7.2%,-1.44,1190.1
2025-11-08,CHI,CHI @ CLE,L,1600.3,47.6%,-9.53,1590.8
2025-11-08,PHI,PHI vs. TOR,W,1358.3,27.4%,+14.52,1372.8
2025-11-08,DEN,DEN vs. IND,W,1705.3,82.9%,+3.41,1708.7
2025-11-08,POR,POR @ MIA,L,1624.9,56.3%,-11.27,1613.6
2025-11-08,LAC,LAC vs. PHX,L,1554.8,61.1%,-12.22,1542.6
2025-11-08,ATL,ATL vs. LAL,W,1494.8,26.4%,+14.72,1509.5
2025-11-08,IND,IND @ DEN,L,1435.9,18.0%,-3.59,1432.3
2025-11-08,PHX,PHX @ LAC,W,1497.8,44.9%,+11.02,1508.8
2025-11-08,MIA,MIA vs. POR,W,1571.8,41.2%,+11.76,1583.6
2025-11-08,LAL,LAL @ ATL,L,1642.8,66.4%,-13.27,1629.5
2025-11-08,DAL,DAL @ WAS,W,1289.8,71.0%,+5.8,1295.6
2025-11-08,WAS,WAS vs. DAL,L,1129.2,27.8%,-5.57,1123.7
2025-11-08,SAS,SAS vs. NOP,W,1517.8,82.5%,+3.5,1521.3
2025-11-08,NOP,NOP @ SAS,L,1246.5,17.2%,-3.43,1243.0
2025-11-08,TOR,TOR @ PHI,L,1551.9,77.8%,-15.56,1536.3
2025-11-08,CLE,CLE vs. CHI,W,1609.2,50.2%,+9.96,1619.2
2025-11-07,MEM,MEM vs. DAL,W,1448.8,70.7%,+5.87,1454.6
2025-11-07,DAL,DAL @ MEM,L,1305.2,31.6%,-6.31,1298.9
2025-11-07,BKN,BKN vs. DET,L,1200.2,9.3%,-1.85,1198.4
2025-11-07,BOS,BOS @ ORL,L,1550.1,59.2%,-11.84,1538.3
2025-11-07,CHA,CHA @ MIA,L,1259.8,14.8%,-2.95,1256.8
2025-11-07,MIL,MIL vs. CHI,W,1597.6,46.3%,+10.74,1608.3
2025-11-07,UTA,UTA @ MIN,L,1290.9,15.4%,-3.07,1287.8
2025-11-07,SAC,SAC vs. OKC,L,1495.8,14.6%,-2.92,1492.8
2025-11-07,GSW,GSW @ DEN,L,1595.1,37.6%,-7.52,1587.6
2025-11-07,ORL,ORL vs. BOS,W,1467.8,36.0%,+12.8,1480.6
2025-11-07,TOR,TOR @ ATL,W,1538.9,54.5%,+9.1,1548.0
2025-11-07,CHI,CHI @ MIL,L,1645.7,60.0%,-12.0,1633.7
2025-11-07,DET,DET @ BKN,W,1600.6,91.1%,+1.78,1602.4
2025-11-07,CLE,CLE @ WAS,W,1602.5,93.4%,+1.31,1603.8
2025-11-07,MIN,MIN vs. UTA,W,1580.8,83.6%,+3.27,1584.0
2025-11-07,DEN,DEN vs. GSW,W,1668.3,58.3%,+8.33,1676.6
2025-11-07,ATL,ATL vs. TOR,L,1525.9,50.7%,-10.15,1515.7
2025-11-07,HOU,HOU @ SAS,L,1667.4,75.1%,-15.03,1652.3
2025-11-07,WAS,WAS vs. CLE,L,1138.1,6.4%,-1.27,1136.8
2025-11-07,MIA,MIA vs. CHA,W,1568.8,85.9%,+2.83,1571.6
2025-11-07,SAS,SAS vs. HOU,W,1499.6,30.5%,+13.91,1513.5
2025-11-07,OKC,OKC @ SAC,W,1795.9,84.4%,+3.12,1799.0
2025-11-06,LAC,LAC @ PHX,L,1577.7,67.1%,-13.42,1564.2
2025-11-06,PHX,PHX vs. LAC,W,1431.9,27.6%,+14.48,1446.4
2025-11-05,SAS,SAS @ LAL,L,1477.8,24.8%,-4.97,1472.8
2025-11-05,POR,POR vs. OKC,W,1613.8,23.8%,+15.24,1629.1
2025-11-05,SAC,SAC vs. GSW,W,1477.2,28.7%,+14.26,1491.5
2025-11-05,BOS,BOS vs. WAS,W,1565.5,91.9%,+1.62,1567.1
2025-11-05,BKN,BKN @ IND,W,1173.6,15.9%,+16.81,1190.4
2025-11-05,HOU,HOU @ MEM,W,1651.3,75.5%,+4.9,1656.2
2025-11-05,NOP,NOP @ DAL,W,1240.9,39.8%,+12.04,1253.0
2025-11-05,DEN,DEN vs. MIA,W,1651.6,60.0%,+8.0,1659.6
2025-11-05,GSW,GSW @ SAC,L,1623.3,68.4%,-13.67,1609.6
2025-11-05,DAL,DAL vs. NOP,L,1322.6,62.9%,-12.57,1310.0
2025-11-05,CLE,CLE vs. PHI,W,1595.3,81.2%,+3.76,1599.0
2025-11-05,NYK,NYK vs. MIN,W,1591.8,45.6%,+10.89,1602.7
2025-11-05,MIN,MIN @ NYK,L,1602.6,48.6%,-9.73,1592.9
2025-11-05,MIA,MIA @ DEN,L,1573.5,37.9%,-7.58,1565.9
2025-11-05,OKC,OKC @ POR,L,1806.4,74.2%,-14.83,1791.5
2025-11-05,WAS,WAS @ BOS,L,1146.5,8.4%,-1.67,1144.8
2025-11-05,IND,IND vs. BKN,L,1495.9,88.6%,-17.71,1478.2
2025-11-05,MEM,MEM vs. HOU,L,1448.5,23.0%,-4.6,1443.9
2025-11-05,UTA,UTA @ DET,L,1300.8,15.7%,-3.13,1297.7
2025-11-05,LAL,LAL vs. SAS,W,1668.2,74.7%,+5.05,1673.3
2025-11-05,PHI,PHI @ CLE,L,1338.0,18.3%,-3.65,1334.4
2025-11-05,DET,DET vs. UTA,W,1590.8,83.9%,+3.21,1594.0
2025-11-04,ATL,ATL vs. ORL,W,1514.4,55.0%,+8.99,1523.4
2025-11-04,LAC,LAC vs. OKC,L,1610.7,24.7%,-4.94,1605.8
2025-11-04,MIL,MIL @ TOR,L,1615.1,68.4%,-13.68,1601.4
2025-11-04,GSW,GSW vs. PHX,W,1624.9,74.1%,+5.18,1630.1
2025-11-04,PHX,PHX @ GSW,L,1437.8,24.9%,-4.98,1432.8
2025-11-04,TOR,TOR vs. MIL,W,1438.3,22.1%,+15.59,1453.9
2025-11-04,ORL,ORL @ ATL,L,1496.0,49.7%,-9.95,1486.0
2025-11-04,NOP,NOP vs. CHA,W,1213.9,41.0%,+11.8,1225.7
2025-11-04,PHI,PHI @ CHI,L,1342.6,15.0%,-3.0,1339.6
2025-11-04,CHA,CHA @ NOP,L,1269.1,56.8%,-11.35,1257.7
2025-11-04,OKC,OKC @ LAC,W,1795.3,73.3%,+5.34,1800.6
2025-11-04,CHI,CHI vs. PHI,W,1643.2,84.9%,+3.03,1646.2
2025-11-03,BOS,BOS vs. UTA,L,1576.9,84.0%,-16.8,1560.1
2025-11-03,LAC,LAC vs. MIA,L,1627.3,57.7%,-11.53,1615.8
2025-11-03,UTA,UTA @ BOS,W,1274.7,13.9%,+17.21,1291.9
2025-11-03,IND,IND vs. MIL,L,1500.0,29.2%,-5.85,1494.2
2025-11-03,SAC,SAC @ DEN,L,1485.6,28.8%,-5.75,1479.9
2025-11-03,HOU,HOU vs. DAL,W,1649.6,86.7%,+2.66,1652.3
2025-11-03,WAS,WAS @ NYK,L,1148.5,7.3%,-1.46,1147.0
2025-11-03,DAL,DAL @ HOU,L,1326.8,13.7%,-2.73,1324.0
2025-11-03,DEN,DEN vs. SAC,W,1648.1,72.4%,+5.52,1653.6
2025-11-03,BKN,BKN vs. MIN,L,1144.0,6.1%,-1.22,1142.7
2025-11-03,DET,DET @ MEM,W,1583.9,66.8%,+6.64,1590.5
2025-11-03,MEM,MEM vs. DET,L,1472.2,35.7%,-7.14,1465.0
2025-11-03,MIL,MIL @ IND,W,1650.3,70.0%,+6.0,1656.3
2025-11-03,LAL,LAL @ POR,W,1644.5,51.0%,+9.8,1654.3
2025-11-03,NYK,NYK vs. WAS,W,1588.5,92.6%,+1.48,1589.9
2025-11-03,MIN,MIN @ BKN,W,1621.3,94.1%,+1.19,1622.5
2025-11-03,MIA,MIA @ LAC,W,1567.3,40.6%,+11.89,1579.2
2025-11-03,POR,POR vs. LAL,L,1626.5,45.8%,-9.17,1617.3
2025-11-02,ATL,ATL @ CLE,L,1505.9,38.5%,-7.71,1498.2
2025-11-02,NYK,NYK vs. CHI,W,1572.5,37.8%,+12.45,1584.9
2025-11-02,CHI,CHI @ NYK,L,1681.3,68.0%,-13.6,1667.7
2025-11-02,TOR,TOR vs. MEM,W,1400.5,34.7%,+13.05,1413.5
2025-11-02,NOP,NOP @ OKC,L,1216.1,3.5%,-0.7,1215.4
2025-11-02,LAL,LAL vs. MIA,W,1636.6,58.8%,+8.25,1644.9
2025-11-02,SAS,SAS @ PHX,L,1498.5,60.6%,-12.12,1486.4
2025-11-02,OKC,OKC vs. NOP,W,1794.3,96.6%,+0.69,1795.0
2025-11-02,PHI,PHI @ BKN,W,1316.2,69.7%,+6.06,1322.2
2025-11-02,CLE,CLE vs. ATL,W,1580.4,59.6%,+8.07,1588.4
2025-11-02,CHA,CHA vs. UTA,W,1256.2,44.3%,+11.13,1267.3
2025-11-02,BKN,BKN vs. PHI,L,1158.8,27.3%,-5.46,1153.3
2025-11-02,PHX,PHX vs. SAS,W,1406.4,34.8%,+13.05,1419.4
2025-11-02,UTA,UTA @ CHA,L,1327.3,64.4%,-12.88,1314.5
2025-11-02,MIA,MIA @ LAL,L,1586.4,44.4%,-8.88,1577.5
2025-11-02,MEM,MEM @ TOR,L,1491.8,60.4%,-12.07,1479.7
2025-11-01,MIL,MIL vs. SAC,L,1662.5,74.8%,-14.96,1647.5
2025-11-01,DET,DAL @ DET,W,1564.0,78.7%,+4.26,1568.3
2025-11-01,WAS,WAS vs. ORL,L,1164.1,13.8%,-2.77,1161.3
2025-11-01,ORL,ORL @ WAS,W,1490.4,87.3%,+2.54,1492.9
2025-11-01,DAL,DAL @ DET,L,1331.7,20.3%,-4.06,1327.7
2025-11-01,BOS,BOS vs. HOU,L,1622.7,51.1%,-10.22,1612.5
2025-11-01,HOU,HOU @ BOS,W,1582.8,39.7%,+12.05,1594.9
2025-11-01,SAC,SAC @ MIL,W,1462.2,22.8%,+15.43,1477.6
2025-11-01,GSW,GSW @ IND,L,1651.6,73.3%,-14.65,1637.0
2025-11-01,MIN,MIN @ CHA,W,1612.4,90.0%,+2.0,1614.4
2025-11-01,IND,IND vs. GSW,W,1491.6,30.3%,+13.95,1505.5
2025-11-01,CHA,CHA vs. MIN,L,1228.3,9.7%,-1.95,1226.4
2025-10-31,CHI,CHI vs. NYK,W,1666.7,64.2%,+7.15,1673.8
2025-10-31,PHI,PHI vs. BOS,L,1318.6,12.7%,-2.55,1316.0
2025-10-31,PHX,PHX vs. UTA,W,1392.5,57.3%,+8.53,1401.0
2025-10-31,BOS,BOS @ PHI,W,1654.1,87.4%,+2.51,1656.7
2025-10-31,LAL,LAL @ MEM,W,1611.7,62.4%,+7.52,1619.3
2025-10-31,NOP,NOP @ LAC,L,1217.4,8.4%,-1.68,1215.7
2025-10-31,CLE,CLE vs. TOR,L,1611.2,80.1%,-16.01,1595.2
2025-10-31,NYK,NYK @ CHI,L,1558.5,34.1%,-6.81,1551.7
2025-10-31,DEN,DEN @ POR,L,1655.0,54.2%,-10.84,1644.1
2025-10-31,TOR,TOR @ CLE,W,1338.7,14.8%,+17.03,1355.7
2025-10-31,ATL,ATL @ IND,W,1491.7,49.2%,+10.17,1501.8
2025-10-31,POR,POR vs. DEN,W,1632.5,47.7%,+10.45,1642.9
2025-10-31,IND,IND vs. ATL,L,1528.3,59.6%,-11.92,1516.4
2025-10-31,MEM,MEM vs. LAL,L,1517.5,35.9%,-7.19,1510.3
2025-10-31,LAC,LAC vs. NOP,W,1633.1,91.7%,+1.67,1634.8
2025-10-31,UTA,UTA @ PHX,L,1362.4,48.7%,-9.74,1352.6
2025-10-30,WAS,WAS @ OKC,L,1165.3,2.6%,-0.53,1164.7
2025-10-30,SAS,SAS vs. MIA,W,1504.9,37.0%,+12.6,1517.5
2025-10-30,MIA,MIA @ SAS,L,1611.5,66.7%,-13.34,1598.1
2025-10-30,CHA,CHA vs. ORL,L,1239.4,20.6%,-4.13,1235.3
2025-10-30,OKC,OKC vs. WAS,W,1792.5,97.4%,+0.52,1793.1
2025-10-30,GSW,GSW @ MIL,L,1664.8,50.6%,-10.12,1654.7
2025-10-30,ORL,ORL @ CHA,W,1466.9,78.1%,+4.38,1471.3
2025-10-30,MIL,MIL vs. GSW,W,1649.1,46.1%,+10.78,1659.9
2025-10-29,SAC,SAC @ CHI,L,1474.0,26.1%,-5.22,1468.7
2025-10-29,DET,DET vs. ORL,W,1552.8,60.6%,+7.89,1560.7
2025-10-29,NOP,NOP @ DEN,L,1220.9,7.7%,-1.55,1219.3
2025-10-29,DEN,DEN vs. NOP,W,1649.0,92.1%,+1.59,1650.6
2025-10-29,DAL,DAL vs. IND,W,1327.3,22.9%,+15.42,1342.7
2025-10-29,LAL,LAL @ MIN,W,1599.7,46.4%,+10.71,1610.4
2025-10-29,MIN,MIN vs. LAL,L,1618.9,52.0%,-10.39,1608.5
2025-10-29,CLE,CLE @ BOS,L,1665.4,55.2%,-11.03,1654.4
2025-10-29,ORL,ORL @ DET,L,1495.1,44.2%,-8.83,1486.3
2025-10-29,HOU,HOU @ TOR,W,1576.1,79.1%,+4.19,1580.3
2025-10-29,CHI,CHI vs. SAC,W,1661.9,75.4%,+4.91,1666.8
2025-10-29,UTA,UTA vs. POR,L,1366.8,18.8%,-3.75,1363.0
2025-10-29,BOS,BOS vs. CLE,W,1607.5,38.7%,+12.26,1619.7
2025-10-29,ATL,ATL @ BKN,W,1455.2,83.2%,+3.36,1458.6
2025-10-29,MEM,MEM @ PHX,W,1521.0,70.0%,+6.01,1527.0
2025-10-29,BKN,BKN vs. ATL,L,1174.7,16.4%,-3.28,1171.4
2025-10-29,POR,POR @ UTA,W,1623.9,81.7%,+3.66,1627.6
2025-10-29,TOR,TOR vs. HOU,L,1355.5,22.9%,-4.59,1350.9
2025-10-29,IND,IND @ DAL,L,1549.8,79.4%,-15.88,1533.9
2025-10-29,PHX,PHX vs. MEM,L,1377.7,30.9%,-6.18,1371.5
2025-10-28,GSW,GSW vs. LAC,W,1661.5,52.1%,+9.58,1671.1
2025-10-28,PHI,PHI @ WAS,W,1313.8,69.6%,+6.08,1319.9
2025-10-28,SAC,SAC @ OKC,L,1476.1,14.1%,-2.83,1473.3
2025-10-28,NYK,NYK @ MIL,L,1575.1,40.9%,-8.18,1566.9
2025-10-28,LAC,LAC @ GSW,L,1669.0,54.2%,-10.85,1658.2
2025-10-28,CHA,CHA @ MIA,L,1250.5,11.4%,-2.28,1248.2
2025-10-28,OKC,OKC vs. SAC,W,1788.1,85.6%,+2.87,1790.9
2025-10-28,MIL,MIL vs. NYK,W,1630.6,56.7%,+8.65,1639.3
2025-10-28,WAS,WAS vs. PHI,L,1176.7,32.1%,-6.41,1170.3
2025-10-28,MIA,MIA vs. CHA,W,1603.7,88.2%,+2.35,1606.1
2025-10-27,UTA,UTA vs. PHX,W,1359.9,46.4%,+10.71,1370.6
2025-10-27,GSW,GSW vs. MEM,W,1632.1,65.0%,+7.01,1639.1
2025-10-27,DET,DET vs. CLE,L,1567.4,37.5%,-7.51,1559.9
2025-10-27,NOP,NOP vs. BOS,L,1234.9,11.1%,-2.22,1232.6
2025-10-27,MIN,MIN vs. DEN,L,1662.1,57.3%,-11.45,1650.7
2025-10-27,MEM,MEM @ GSW,L,1535.7,37.9%,-7.59,1528.1
2025-10-27,HOU,HOU vs. BKN,W,1559.1,89.7%,+2.07,1561.2
2025-10-27,LAL,LAL vs. POR,L,1620.8,53.0%,-10.59,1610.2
2025-10-27,TOR,TOR @ SAS,L,1377.5,37.2%,-7.44,1370.1
2025-10-27,PHI,PHI vs. ORL,W,1248.9,14.8%,+17.05,1265.9
2025-10-27,ATL,ATL @ CHI,L,1459.0,24.9%,-4.97,1454.0
2025-10-27,SAS,SAS vs. TOR,W,1481.8,66.3%,+6.74,1488.6
2025-10-27,BKN,BKN @ HOU,L,1181.1,10.0%,-2.01,1179.1
2025-10-27,POR,POR @ LAL,W,1580.5,41.4%,+11.71,1592.2
2025-10-27,BOS,BOS @ NOP,W,1602.9,89.6%,+2.07,1605.0
2025-10-27,CHI,CHI vs. ATL,W,1648.3,74.5%,+5.1,1653.4
2025-10-27,PHX,PHX @ UTA,L,1393.8,56.2%,-11.24,1382.6
2025-10-27,ORL,ORL @ PHI,L,1524.3,80.5%,-16.1,1508.2
2025-10-27,CLE,CLE @ DET,W,1674.9,67.4%,+6.51,1681.4
2025-10-27,OKC,OKC @ DAL,W,1787.1,93.8%,+1.25,1788.4
2025-10-27,DAL,DAL vs. OKC,L,1317.8,6.3%,-1.27,1316.6
2025-10-27,DEN,DEN @ MIN,W,1633.3,49.0%,+10.2,1643.5
2025-10-26,CLE,CLE vs. MIL,W,1640.2,49.1%,+10.17,1650.4
2025-10-26,DET,DET vs. BOS,W,1558.2,43.3%,+11.34,1569.6
2025-10-26,IND,IND @ MIN,L,1559.1,36.8%,-7.37,1551.7
2025-10-26,CHA,CHA @ WAS,W,1197.4,44.9%,+11.02,1208.5
2025-10-26,LAC,LAC vs. POR,W,1663.1,60.9%,+7.83,1670.9
2025-10-26,BOS,BOS @ DET,L,1617.5,60.2%,-12.03,1605.5
2025-10-26,WAS,WAS vs. CHA,L,1205.1,47.1%,-9.42,1195.7
2025-10-26,BKN,BKN @ SAS,L,1187.8,16.9%,-3.37,1184.4
2025-10-26,DAL,DAL vs. TOR,W,1283.7,32.4%,+13.53,1297.2
2025-10-26,LAL,LAL @ SAC,W,1635.1,70.6%,+5.89,1641.0
2025-10-26,NYK,NYK @ MIA,L,1594.9,50.4%,-10.08,1584.8
2025-10-26,MIA,MIA vs. NYK,W,1582.4,46.8%,+10.64,1593.1
2025-10-26,POR,POR @ LAC,L,1594.7,41.4%,-8.29,1586.4
2025-10-26,TOR,TOR @ DAL,L,1395.3,63.4%,-12.68,1382.6
2025-10-26,MIN,MIN vs. IND,W,1658.2,64.6%,+7.08,1665.3
2025-10-26,SAS,SAS vs. BKN,W,1462.0,82.7%,+3.47,1465.5
2025-10-26,MIL,MIL @ CLE,L,1639.1,48.8%,-9.76,1629.4
2025-10-26,SAC,SAC vs. LAL,L,1491.0,31.3%,-6.27,1484.7
2025-10-25,MEM,MEM vs. IND,W,1470.8,29.3%,+14.14,1485.0
2025-10-25,IND,IND @ MEM,L,1591.3,62.4%,-12.47,1578.8
2025-10-25,ATL,ATL vs. OKC,L,1467.6,14.2%,-2.84,1464.8
2025-10-25,OKC,OKC @ ATL,W,1775.6,85.2%,+2.97,1778.6
2025-10-25,ORL,ORL vs. CHI,L,1567.5,40.5%,-8.11,1559.4
2025-10-25,PHI,PHI vs. CHA,W,1236.5,53.8%,+9.24,1245.7
2025-10-25,PHX,PHX @ DEN,L,1402.9,24.1%,-4.82,1398.1
2025-10-25,CHI,CHI @ ORL,W,1621.7,56.0%,+8.8,1630.5
2025-10-25,DEN,DEN vs. PHX,W,1595.1,74.4%,+5.13,1600.2
2025-10-25,CHA,CHA @ PHI,L,1204.3,44.6%,-8.92,1195.4
2025-10-24,ORL,ORL vs. ATL,L,1594.1,68.7%,-13.73,1580.3
2025-10-24,MEM,MEM vs. MIA,L,1500.2,42.5%,-8.49,1491.8
2025-10-24,TOR,TOR vs. MIL,L,1416.4,21.5%,-4.3,1412.1
2025-10-24,POR,POR vs. GSW,W,1541.6,31.8%,+13.64,1555.3
2025-10-24,DAL,DAL vs. WAS,L,1323.9,68.0%,-13.6,1310.3
2025-10-24,DET,DET @ HOU,W,1525.5,42.3%,+11.54,1537.1
2025-10-24,NYK,NYK vs. BOS,W,1576.2,40.1%,+11.98,1588.2
2025-10-24,BOS,BOS @ NYK,L,1632.6,56.2%,-11.23,1621.4
2025-10-24,MIA,MIA @ MEM,W,1523.7,49.2%,+10.17,1533.9
2025-10-24,GSW,GSW @ POR,L,1648.1,61.3%,-12.27,1635.8
2025-10-24,UTA,UTA @ SAC,L,1353.5,31.5%,-6.31,1347.2
2025-10-24,NOP,NOP vs. SAS,L,1238.9,22.1%,-4.41,1234.4
2025-10-24,SAC,SAC vs. UTA,W,1485.9,67.9%,+6.42,1492.4
2025-10-24,LAL,LAL vs. MIN,W,1579.3,33.2%,+13.36,1592.6
2025-10-24,HOU,HOU vs. DET,L,1570.0,55.0%,-11.0,1559.0
2025-10-24,MIN,MIN @ LAL,L,1677.3,60.6%,-12.11,1665.2
2025-10-24,CLE,CLE @ BKN,W,1637.5,92.8%,+1.44,1639.0
2025-10-24,SAS,SAS @ NOP,W,1454.9,77.3%,+4.54,1459.5
2025-10-24,MIL,MIL @ TOR,W,1637.9,77.8%,+4.44,1642.3
2025-10-24,BKN,BKN vs. CLE,L,1192.2,7.1%,-1.42,1190.8
2025-10-24,LAC,LAC vs. PHX,W,1648.3,79.2%,+4.17,1652.5
2025-10-24,PHX,PHX @ LAC,L,1426.4,22.8%,-4.56,1421.9
2025-10-24,ATL,ATL @ ORL,W,1444.8,28.2%,+14.36,1459.2
2025-10-24,WAS,WAS @ DAL,W,1215.8,38.0%,+12.4,1228.2
2025-10-23,GSW,GSW vs. DEN,W,1660.7,57.4%,+8.51,1669.2
2025-10-23,OKC,OKC @ IND,W,1770.2,69.2%,+6.15,1776.4
2025-10-23,DEN,DEN @ GSW,L,1602.6,40.9%,-8.17,1594.4
2025-10-23,IND,IND vs. OKC,L,1636.7,32.6%,-6.52,1630.2
2025-10-22,CHA,CHA vs. BKN,W,1193.1,47.6%,+10.49,1203.6
2025-10-22,POR,POR vs. MIN,L,1547.2,29.9%,-5.98,1541.2
2025-10-22,SAC,SAC @ PHX,L,1505.3,63.8%,-12.75,1492.5
2025-10-22,BOS,BOS vs. PHI,L,1662.0,92.7%,-18.54,1643.5
2025-10-22,BKN,BKN @ CHA,L,1234.9,59.5%,-11.89,1223.0
2025-10-22,SAS,SAS @ DAL,W,1400.3,53.1%,+9.37,1409.7
2025-10-22,CHI,CHI vs. DET,W,1611.6,60.8%,+7.85,1619.4
2025-10-22,MEM,MEM vs. NOP,W,1527.7,83.7%,+3.26,1530.9
2025-10-22,PHX,PHX vs. SAC,W,1418.0,39.2%,+12.16,1430.2
2025-10-22,NYK,NYK vs. CLE,W,1563.7,37.8%,+12.43,1576.1
2025-10-22,MIA,MIA @ ORL,L,1534.4,41.2%,-8.24,1526.2
2025-10-22,UTA,UTA vs. LAC,W,1236.9,4.8%,+19.05,1256.0
2025-10-22,MIL,MIL vs. WAS,W,1635.0,92.6%,+1.48,1636.5
2025-10-22,LAC,LAC @ UTA,L,1694.6,90.7%,-18.13,1676.5
2025-10-22,MIN,MIN @ POR,W,1690.9,69.0%,+6.19,1697.1
2025-10-22,NOP,NOP @ MEM,L,1246.4,16.7%,-3.35,1243.1
2025-10-22,CLE,CLE @ NYK,L,1666.7,66.6%,-13.32,1653.4
2025-10-22,ATL,ATL vs. TOR,L,1477.5,62.7%,-12.54,1465.0
2025-10-22,DET,DET @ CHI,L,1531.1,38.0%,-7.6,1523.5
2025-10-22,TOR,TOR @ ATL,W,1354.0,28.8%,+14.23,1368.2
2025-10-22,WAS,WAS @ MIL,L,1194.4,7.3%,-1.46,1193.0
2025-10-22,ORL,ORL vs. MIA,W,1602.6,60.5%,+7.89,1610.5
2025-10-22,DAL,DAL vs. SAS,L,1351.5,39.3%,-7.85,1343.7
2025-10-22,PHI,PHI @ BOS,W,1205.2,6.2%,+18.76,1224.0
2025-10-21,HOU,HOU @ OKC,L,1581.8,26.3%,-5.27,1576.6
2025-10-21,OKC,OKC vs. HOU,W,1758.7,73.3%,+5.35,1764.1
2025-10-21,LAL,LAL vs. GSW,L,1592.5,42.2%,-8.43,1584.0
2025-10-21,GSW,GSW @ LAL,W,1636.0,54.6%,+9.08,1645.0
